,hotel_name,avg_price
0,Kamin Bird Hostel,308.625
1,128 Bangkok,1217.5
2,12th Avenue Hotel Bangkok,2539.0408163265306
3,130 Hotel & Residence Bangkok,941.0
4,137 Pillars Residences Bangkok,9627.0
5,137 Pillars Suites Bangkok,26413.75
6,14 Living,749.5
7,14 Place,942.547619047619
8,14 Residence,1129.2727272727273
9,1989 Hostel & Cafe,517.1111111111111
10,1Sabai Hostel,1020.75
11,24 Inn,1545.0
12,2Bedtel,1019.0
13,2W Bed & Breakfast Bangkok,663.5
14,3 Howw Hostel at Sukhumvit 21,2593.777777777778
15,39 Boulevard Executive Residence,2862.782608695652
16,3Howw hostel at Khaosan,172.0
17,41 Suite Bangkok Hotel,1355.0833333333333
18,4J Lodge@Bangkok,828.5116279069767
19,4M Pratunam Hotel,1127.3636363636363
20,5 Minute Hostel,595.0
21,99hotel,792.3333333333334
22,@1150 Villa,1686.5
23,@Ratchada 14,651.1428571428571
24,A Hostel Bangkok,565.2333333333333
25,A House,374.0
26,A One Boutique Hotel,3087.6666666666665
27,A One Inn,785.0
28,A Sleep Bangkok Sathorn,1074.8
29,A-One Bangkok Hotel,4730.575
30,A7 Hidden Hostel,1796.0
31,AETAS Lumpini,8702.636363636364
32,AREA 69 (DonMuang Airport),1353.875
33,ASA HOSTEL,547.8
34,Abloom Exclusive Serviced Apartments,4848.576923076923
35,Ad Lib Bangkok,4374.05
36,Adamaz House,766.35
37,Adelphi Grande Sukhumvit,3109.0
38,Adelphi Suites Bangkok,3499.75
39,Admiral Premier Bangkok by Compass Hospitality,2521.1206896551726
40,Admiral Suites Bangkok by Compass Hospitality,2007.0416666666667
41,Admire Thonburi Hotel,863.5
42,Adventure Hostel,445.19083969465646
43,Aetas Bangkok,5770.173913043478
44,Aetas Residence,5942.970588235294
45,Aim House Bangkok,802.6578947368421
46,Airy Suvarnabhumi Hotel,707.5882352941177
47,Al Meroz Hotel Bangkok- The Leading Halal Hotel,5683.745454545455
48,All Together Suite,523.0
49,Aloft Bangkok Sukhumvit 11,2749.0
50,Alt Hotel Nana by UHG,1217.4444444444443
51,Amanta Hotel & Residence Ratchada,3649.7
52,Amara Bangkok Hotel,3983.5
53,Amaranta Hotel,3582.230769230769
54,"Amaranth Suvarnabhumi Airport, BW Premier Collection",3597.5476190476193
55,Amari Don Muang Airport Bangkok Hotel,2115.8888888888887
56,Amari Residences Bangkok,3459.581818181818
57,Amari Watergate Hotel,6083.964285714285
58,Ambassador Hotel Bangkok,2482.7
59,Amdaeng Bangkok Riverside Hotel,5294.142857142857
60,Amenity@22,794.0
61,Ammata Lanta Resort Suvarnabhumi,6282.541666666667
62,Amora NeoLuxe Suites,5110.666666666667
63,Anajak Bangkok Hotel,2842.1153846153848
64,Analog Hostel,634.8321428571429
65,Anantara Baan Rajprasong Bangkok Serviced Suites,7069.423076923077
66,Anantara Riverside Bangkok Resort,12949.132075471698
67,Anantara Sathorn Bangkok Hotel,3805.875
68,Anantara Siam Bangkok Hotel,9803.92888888889
69,Anda Hotel Bangkok,1008.0
70,Apartelle Jatujak Hotel,1658.1515151515152
71,Aranta Airport Hotel,2493.548387096774
72,Aravinda Living Home,457.0
73,Arcadia Suites Ploenchit Bangkok by Compass Hospitality,3129.090909090909
74,Ariva Ivy Servizio Thonglor Serviced Apartment,1837.5
75,Ariyasomvilla Hotel,8120.0
76,Arize Hotel Sukhumvit,2992.3333333333335
77,Armoni Hotel Sukhumvit11,1300.0
78,Arnoma Grand,5549.739130434783
79,Arom d Hostel,1157.5
80,Arte Hotel,3396.71875
81,Arun Haus 39,619.5833333333334
82,Arun Old Town,650.6
83,Asia Airport Donmuang Hotel,1267.2222222222222
84,Asia Hotel Bangkok,1535.2857142857142
85,Asia Residence 14 Bangkapi,525.0
86,Asias Boutique Club /The homestays,1911.2
87,Asoke Montri Hostel,373.25
88,Asoke Residence Sukhumvit by UHG,1645.4642857142858
89,Asoke Suites Hotel,1223.0
90,Aspen Suites Hotel Sukhumvit 2 Bangkok by Compass Hospitality,1918.7857142857142
91,Aspira D Andora Sukhumvit 16,1682.1724137931035
92,Aspira Davinci Sukhumvit 31,1189.0
93,Aspira G Sukhumvit 33,1364.25
94,Aspira Grand Regency Sukhumvit 22,2036.6363636363637
95,Aspira Hana Residence Thong Lor,2969.7419354838707
96,Aspira Hiptique Sukhumvit 13,1132.5
97,Aspira Skyy Sukhumvit 1,1109.0416666666667
98,Aspira Sukhumvit,1695.03125
99,Astera Sathorn Hotel,3329.76
100,At 21 Saladaeng,3951.3230769230768
101,At Ease Saladaeng by Aetas,2710.457142857143
102,At Home Guest House,337.0
103,At Home Phetkasem,506.0
104,At Mind Executive Suites,1009.6428571428571
105,At Residence Suvarnabhumi,1440.0
106,At Smile House,1223.2857142857142
107,Atlas Bangkok Hotel,1921.851851851852
108,Atrium Boutique Resort,992.5
109,August Residence,1481.875
110,Aurum The River Place,3138.0
111,Avani+ Riverside Bangkok Hotel,11069.388888888889
112,Avion Hotel,1690.0555555555557
113,B.S. Court Hotel,998.6666666666666
114,B.U. Place Hotel,1511.0833333333333
115,B2 Bangkok Hotel - Srinakarin,591.5
116,B2 Bangna Premier Hotel,903.2727272727273
117,BACKPACK STATION,481.4222222222222
118,BB Boutique Mansion,875.75
119,BB House Mini Suite Hotel,576.0
120,BBhouse Rambutri,480.25
121,BC guesthouse Si phraya,768.1666666666666
122,BKK Home 24 Boutique Hotel,1846.313725490196
123,BRB Hostel Bangkok Silom,573.0491803278688
124,BS Premier Airport Hotel,1439.1818181818182
125,BS Residence Suvarnabhumi,843.6153846153846
126,Baan 89 hostel,218.0
127,Baan Boonanan,523.9090909090909
128,Baan Chantra,1993.875
129,Baan Chart Hotel,2131.0
130,Baan Chatuchak,1848.5
131,Baan Dinso,1414.9938271604938
132,Baan Gaysorn @Bangrak,1053.5
133,Baan Glang Soi,1335.135593220339
134,Baan K Managed by Bliston Hotel,2093.090909090909
135,Baan Khun Mae Apartment,416.6666666666667
136,Baan Mi-Na,672.4444444444445
137,Baan Noppadol Hotel & Apartment,1068.75
138,Baan Noppawong,2746.464285714286
139,Baan Nueng Service Apartment,3132.285714285714
140,Baan Pra Nond Bed & Breakfast,1830.0
141,Baan Sathorn Riverfront,2185.060606060606
142,Baan Sukhumvit Soi 18,1402.0
143,Baan Tanwa,1716.5
144,Baan Tipa House Wanglang,980.3220338983051
145,Baan Wanglang Riverside,2475.214285714286
146,BaanSu Hostel,1537.650980392157
147,Baanklangsoun Bangkorbour,1591.0
148,Baanpermsook,984.25
149,Badu Hostel Sukhumvit,1073.4166666666667
150,Baiyoke Sky Hotel,3838.0444444444443
151,Baiyoke Suite Hotel,2014.857142857143
152,Ban Thungdang Boutique Hotel,838.2777777777778
153,Bandara Suites Silom,4166.7555555555555
154,Bangkok 68,863.8333333333334
155,Bangkok Bed and Bike,598.6470588235294
156,Bangkok Boutique Resort,971.8666666666667
157,Bangkok Centre Hotel,1094.0
158,Bangkok Cha-Da Hotel,2537.5
159,Bangkok City Hotel,1265.0
160,Bangkok City Suite,1020.0
161,Bangkok Condotel,913.5405405405405
162,Bangkok Hotel Lotus Sukhumvit – Managed by AccorHotels,2563.809523809524
163,Bangkok Hub Hostel,597.2666666666667
164,Bangkok Living Apartment,1375.857142857143
165,Bangkok Loft Inn,977.1428571428571
166,Bangkok Marriott Hotel Sukhumvit,5720.833333333333
167,Bangkok Marriott Hotel The Surawongse,7989.0245398773
168,Bangkok Marriott Marquis Queen’s Park,9577.272727272728
169,Bangkok Palace Hotel,2314.125
170,Bangkok Publishing Residence,6060.666666666667
171,Bangkok Residence,595.0
172,Bangkok Tree House,3314.0
173,Bangluang House,1544.3333333333333
174,Bangna Pride Hotel & Residence,3828.5416666666665
175,Bangphlat Resort,978.8
176,Bansabai Hostel,705.25
177,Banthat Thong Hostel,438.34722222222223
178,Banyan Tree Bangkok,9666.07142857143
179,Barn & Bed Hostel,515.2333333333333
180,Baron Zotel,577.0
181,Bearing 26 Hotel,701.0
182,Beat Hotel Bangkok,1570.1
183,Bed Box Khoasan Hostel,398.25
184,Bed@Town Hostel,409.5
185,Bedroom at Suvarnabhumi Airport,305.0
186,Beige Poshtels,538.85
187,BelAire Bangkok Sukhumvit,2472.6
188,Ben Place,425.0
189,Best Bangkok House Hotel,1612.35
190,Best Comfort Bangkok Hotel,1531.6666666666667
191,Best Western PLUS Wanda Grand Hotel,1805.5
192,Best Western Plus At 20 Sukhumvit,1832.2380952380952
193,Best Western Premier Sukhumvit,4583.192307692308
194,Beverly 33 by Aspira Apartment,2064.75
195,Beyond Suite Hotel,2095.6666666666665
196,Bizotel Bangkok,1369.0
197,Blissotel Ratchada,994.3333333333334
198,Bliston Suwan Parkview Hotel,2648.288888888889
199,Blue Jasmine Hostel,927.6666666666666
200,Bluefin Guesthouse,378.75
201,Boon Street Hostel,765.3333333333334
202,Boone Place,981.5
203,Borarn House,1315.75
204,Boss Residence,1546.0
205,Boss Suites Nana,1338.6666666666667
206,Bossotel Hotel,2354.608695652174
207,Botanic Service Room @ Impact Muang Thong Thani,810.8333333333334
208,Boulevard Hotel Bangkok Sukhumvit,4004.84
209,Bourbon St. Boutique,1684.3076923076924
210,Boutique Poo-Yai Ma @ BP Place,1456.1818181818182
211,Brunch Makers Cafe & Hostel,772.0921052631579
212,Buddy Boutique Inn,998.5
213,Buddy Lodge Hotel,1486.5714285714287
214,Buddy Oriental Riverside Hotel,2948.904761904762
215,Buff Hostel,749.3777777777777
216,Bunny Burrow Hostel,733.1724137931035
217,C U Inn Bangkok,1314.7
218,C40Winks Hostel,777.5833333333334
219,CASE Study Asoke,1070.75
220,CHANN  Bangkok-Noi,3445.4
221,CHAUHAN INN,683.0
222,CK2 Hotel,816.3333333333334
223,CNC Residence,4060.8333333333335
224,COMO Metropolitan Bangkok,8183.294117647059
225,Cacha Bed,967.5333333333333
226,Capital Mansion,1946.439024390244
227,Casa Narinya Hotel at Suvarnabhumi Airport,674.6666666666666
228,Casa Nithra Bangkok,2097.6458333333335
229,Casa Picasso Hotel,951.8
230,Casa Residence Hotel Bangkok,1199.6
231,Cazz Hostel,362.6666666666667
232,Centara Grand at Central Plaza Ladprao Bangkok,4423.830188679245
233,Centara Grand at Central World Hotel,6152.39705882353
234,Centara Watergate Pavillion Hotel Bangkok,7086.95
235,Centra by Centara Government Complex Hotel & Convention Centre Chaeng Watthana,1878.7777777777778
236,Centre Point Hotel Chidlom,3639.318181818182
237,Centre Point Pratunam Hotel,4311.04347826087
238,Centre Point Silom River View Hotel.,5168.548387096775
239,Centre Point Sukhumvit - Thong Lo Hotel,5116.6578947368425
240,Centre Point Sukhumvit 10 Hotel,4416.784722222223
241,Centric Place Hotel,944.8
242,Century Park Hotel,3614.5
243,Chaidee Mansion,3339.1
244,Chaophya Park Hotel,8329.157894736842
245,Charan 41 Hostel,1065.5
246,Charlie House Pinklao,1059.0
247,Chateau de Bangkok,3372.277777777778
248,Chateau de Sukhumvit,1547.0
249,Chatrium Hotel Riverside Bangkok,5765.775
250,Chatrium Residence Bangkok Sathorn,3412.1785714285716
251,Check Inn Phromphong,840.0
252,Check-in My Hostel,705.2
253,Chetuphon Gate,918.5
254,Chevasai Bangkok,1065.0
255,Chillax Resort,2242.7380952380954
256,China Guest Inn,1281.6666666666667
257,Chinatown Hotel,2225.753623188406
258,Chiva Bangkok Hotel,1345.357142857143
259,Cinnamon Residence,2148.3333333333335
260,Citadines Sukhumvit 11 Bangkok,2322.6666666666665
261,Citadines Sukhumvit 16 Bangkok,1699.5454545454545
262,Citadines Sukhumvit 23 Bangkok,2182.285714285714
263,Citadines Sukhumvit 8 Bangkok,2265.4545454545455
264,Citichic Sukhumvit 13 Bangkok by Compass Hospitality,2076.4893617021276
265,Citin Pratunam Bangkok by Compass Hospitality,2181.9302325581393
266,Citrus Suites Sukhumvit 6 by Compass Hospitality,2918.1807228915663
267,Citrus Sukhumvit 11 by Compass Hospitality,2530.957746478873
268,Citrus Sukhumvit 13 Nana Bangkok by Compass Hospitality,1723.3863636363637
269,City House,831.5555555555555
270,City Lodge Soi 9,1386.0
271,City Mansion,398.6666666666667
272,Citypoint Hotel,1476.5
273,Clef Hotel Bangkok,1323.6666666666667
274,Click Hostel,734.1578947368421
275,Cloud Nine Lodge Hotel,1534.3
276,Coco@20,1028.0
277,Column Bangkok,3849.0
278,Compass SkyView Hotel,4857.884057971014
279,Conrad Bangkok,13491.583333333334
280,Conrad Bangkok Residences,6489.066666666667
281,Convenient Grand Hotel,986.3214285714286
282,Convenient Park Bangkok Hotel,1179.6666666666667
283,Convenient Resort,844.6666666666666
284,Cordia Residence Saladaeng,943.0
285,Courtyard by Marriott Bangkok,3648.59375
286,Cozi Inn Hotel,986.3333333333334
287,Cozy At 9 Hotel And Kitchen,1197.4117647058824
288,Crowne Plaza Bangkok Lumpini Park,5027.8
289,Crystal Suites Suvarnabhumi Airport,1244.975
290,Cubic Bangkok Hostel,1457.6929133858268
291,Cubic Pratunam,1086.85
292,D Varee Diva Bally Sukhumvit Hotel,1519.2
293,D Varee Xpress Hotel Makkasan Bangkok,1338.6666666666667
294,"D Varee Xpress Pula Silom, Bangkok",1604.3333333333333
295,D'well Residence@Don Muang,725.5
296,DD Hostel Bangkok,911.5
297,DMK Hostel Donmueang Airport,617.4
298,DS67 Suites Hotel,926.0
299,Darjelling Boutique,1206.888888888889
300,Darul Hijroh Hotel,786.0
301,Dazzle Residence,2196.2
302,De Arni Hotel,2026.25
303,De Botan Hotel,1120.7142857142858
304,De Centro Bangkok,2518.1666666666665
305,De Sky (Sukhumvit-Ekkamai),985.5
306,Decor Do Hostel,541.8108108108108
307,Delight Residence,1116.1
308,Design Resort by Maleewana,2673.0
309,Diamond House Hotel,1054.909090909091
310,Diamond Residence Ratchada,1010.0
311,Diamond Sweet Hotel,911.0
312,Din Space Bangkok,1533.3333333333333
313,Donmuang Airport Modern Bangkok Hotel,883.9333333333333
314,Double Dd House,1316.5
315,Dream Hotel Bangkok,3173.3333333333335
316,Drop Inn Bangkok,1295.5
317,Dusit Princess Srinakarin Hotel,3025.0
318,Dwella Suvarnabhumi Hotel,607.8333333333334
319,Dynasty Grande Hotel,1993.2
320,Eastin Grand Hotel Sathorn,4471.375
321,Eastin Hotel Makkasan,2134.28
322,Eastin Thana City Golf Resort Bangkok,2948.35
323,Ebina House,1962.9
324,Eco House,453.3333333333333
325,Eightville,1063.4285714285713
326,El Majestic BKK 33,1079.1666666666667
327,Elizabeth Hotel,1271.2608695652175
328,Emporium Suites by Chatrium,5256.525
329,Errday Guest House,779.5
330,Escape Boutique @ Sathorn Terrace,1208.5
331,Eurna Resort,1678.0
332,Euro Luxury Pavillion Pratunam,923.3333333333334
333,European Place,548.0
334,Eve's Guesthouse,678.0
335,Evergreen Laurel Hotel,7157.25
336,Evergreen Place Siam by UHG,3441.133333333333
337,Executive Club at Windsor,3717.0
338,Express,1033.3373493975903
339,FX Hotel Metrolink Makkasan,1300.0
340,Far East Inn,1274.0
341,Feel Good Bangkok Hostel,418.73333333333335
342,Feung Nakorn Balcony,2079.5454545454545
343,First House Hotel,3237.4545454545455
344,Floral Shire Resort,641.9
345,Florida Hotel Bangkok,1025.6666666666667
346,Focal Local Bed & Breakfast,2012.3333333333333
347,Folk Poshtel Asok,1267.8253968253969
348,Folk Poshtel Silom,1097.877192982456
349,Fortuna Hotel,1415.0
350,Forum Park Hotel,4215.2
351,Four Sons Village,484.25
352,Fraser Suites Sukhumvit - Bangkok,3968.40625
353,Freesia Bangphi Guest House,426.0
354,Freesia Saladaeng Silom Apartments,489.0
355,Friends House Resort,1066.9462365591398
356,Fu House Hostel,436.2173913043478
357,Full House Khaosan,807.265306122449
358,FuramaXclusive Sathorn Hotel Bangkok,1853.7272727272727
359,FuramaXclusive Sukhumvit Hotel,1927.0
360,GLOW Pratunam Hotel,4693.581818181819
361,GM Serviced Apartment,2807.6153846153848
362,GM Suites,7442.272727272727
363,GN Luxury Hostel,963.7111111111111
364,GUYASUKA Hostel&Cafe,604.952380952381
365,Gaam Hotel,1520.0
366,Galleria 10 Sukhumvit by Compass Hospitality,2998.75
367,Galleria 12 Sukhumvit Bangkok by Compass Hospitality,8301.97520661157
368,Garden Room Hostel,1020.0
369,Gemma Sukhumvit,1138.0
370,Gems Park Apartment Don Mueang International Airport,893.0
371,Glitz Hotel,1482.4333333333334
372,Glur Central Pratunam,529.46875
373,Gold Airport Suites,1336.8857142857144
374,Golden House,1824.3333333333333
375,Golden House @ Onnut Station,672.6666666666666
376,Golden Jade Suvarnabhumi Hotel,1533.8076923076924
377,Golden Pearl Hotel,2317.1428571428573
378,Golden Tulip Mandison Suites,2046.8
379,Golden Tulip Sovereign Hotel Bangkok,4188.666666666667
380,Good Day Hostel,552.2413793103449
381,Goody Hotel,390.0
382,Graceland Bangkok by Grace Hotel,4842.351648351649
383,Grand Asoke Residence Sukhumvit,3338.5
384,Grand Business Inn,1824.90625
385,Grand China Hotel,7041.291666666667
386,Grand Diamond Suites Hotel,8386.733333333334
387,Grand Howard Hotel,2638.8
388,Grand Hyatt Erawan Bangkok Hotel,8823.781512605043
389,Grand Inn Come Hotel,3225.3636363636365
390,Grand Lord Boutique Hotel,2850.9830508474574
391,Grand Lucky Hotel,1265.4285714285713
392,Grand Mercure Bangkok Asoke Residence,3176.0555555555557
393,Grand Mercure Bangkok Fortune,4223.928571428572
394,Grand Pinnacle Hotel,522.3333333333334
395,Grand President Hotel Bangkok,1306.8
396,Grand Sukhumvit Hotel Bangkok – Managed by Accor,4087.4329896907216
397,Grand Swiss Sukhumvit 11 by Compass Hospitality,3735.653846153846
398,Grand Tower Inn Rama VI Hotel,2095.5
399,Grand Tower Inn Sathon,1347.2307692307693
400,Grande Centre Point Hotel Ploenchit,5951.476190476191
401,Grande Centre Point Hotel Ratchadamri,7664.196428571428
402,Grande Centre Point Sukhumvit 55 Thong Lo,5771.948863636364
403,Grandpa's Hostel Bangkok,703.027027027027
404,Great Residence Suvarnabhumi Hotel,682.0
405,Green home Hostel,842.1428571428571
406,Greenpoint Residence,1592.3239436619717
407,Gulliver's Tavern Hotel,2710.0697674418607
408,H-Residence,830.5
409,H2 Hotel,718.1666666666666
410,HI YHA Thewet,889.6666666666666
411,HOFT Hostel Bangkok,666.2009345794393
412,HOMEY-Donmueang Hostel,851.75
413,HQ Hostel Silom,1014.8571428571429
414,Hansar Bangkok Hotel,6871.384615384615
415,Hanu Hostel,1309.4615384615386
416,Happy 3 Hotel,2955.8571428571427
417,Happy Monkey Hostel Bangkok,614.5217391304348
418,Happyland Mansion,374.0
419,Haus Sathorn 21 Bed & Breakfast,999.3333333333334
420,Haven't Met Silom,2325.5833333333335
421,Henry's Hotel & Gastro Pub,1459.8333333333333
422,Here Hostel Bangkok,605.2857142857143
423,Heyha Hotel,1801.5454545454545
424,Heyyyy Bangkok Hostel,698.8333333333334
425,Hi Residence,5058.0
426,Hide Bangkok hostel,1153.025974025974
427,Hilton Sukhumvit Bangkok,4802.7
428,Hip Hotel Bangkok,1486.5
429,Hits Hostel,608.7777777777778
430,Holiday Inn Bangkok Silom,2570.0
431,Holiday Inn Bangkok Sukhumvit,3668.8
432,Holiday Inn Express Bangkok Sathorn,2039.6666666666667
433,Holiday Inn Express Bangkok Siam,2677.2727272727275
434,Holiday Inn Express Bangkok Soi Soonvijai,1991.3898305084747
435,Holiday Inn Express Bangkok Sukhumvit 11,1741.7971014492753
436,Home Inn Hotel,787.8
437,Hope Land Hotel  Sukhumvit 46/1,2557.0
438,Hope Land Hotel  Sukhumvit 8,4588.68115942029
439,Hoppers Place Donmuang Hostel,665.3333333333334
440,Hostel At Thonglor,263.3636363636364
441,Hotel Clover Asoke Bangkok,2728.409090909091
442,Hotel De Bangkok,1821.3809523809523
443,Hotel De Moc,1012.6
444,Hotel Icon Bangkok Sukhumvit,2117.5
445,Hotel Indigo Bangkok Wireless Road,4996.882352941177
446,Hotel Leesort @ Onnuch,934.0
447,Hotel Mermaid Bangkok,2283.516129032258
448,Hotel Muse Bangkok,5579.259259259259
449,Hotel Once Bangkok,4854.349206349207
450,Hotel PT Court,2346.769230769231
451,Hotel Royal Bangkok China Town,4479.5
452,Hotel Solo Sukhumvit 2,1648.75
453,Hotel Tranz,2185.25
454,Hotel Windsor Suites & Convention,3859.076923076923
455,House By The Pond,1282.4444444444443
456,Howard Square Boutique Hotel,1166.8181818181818
457,Hua Chang Heritage Hotel,4225.333333333333
458,Hyatt Place Bangkok Sukhumvit,4265.3125
459,Hyde Park Hotel Bangkok,1080.4
460,I Residence Hotel Sathorn,1027.08
461,I Residence Hotel Silom,1632.125
462,I-Sleep Silom Hostel,587.8125
463,IDeer Hostel,803.2222222222222
464,IR-ON Hotel,2745.5454545454545
465,Ibis Bangkok Riverside,1724.0
466,Ibis Bangkok Sathorn,983.6363636363636
467,Ibis Bangkok Siam Hotel,2448.8888888888887
468,Ibis Styles Bangkok Sukhumvit Phra Khanong,1362.6666666666667
469,Ibrik Resort by the River,2318.0
470,Ideal Hotel Pratunam,1438.0
471,Impact-Challenger Muang Thong Thani Serviced Apartment,788.6666666666666
472,In Residence Bangkok Sukhumvit,1890.0
473,In a Box Hostel,1052.78125
474,Indra Regent Hotel,4795.8125
475,Inn Stations Hostel,920.3333333333334
476,InterContinental Bangkok,7021.428571428572
477,IsHOME& Hashery,1440.4
478,Isanook Bangkok,2246.3888888888887
479,Iyarin@Tuk Chang Ratchayothin Hotel,1089.6666666666667
480,J Two S Pratunam Hotel,710.0
481,JN Place,936.0
482,JS Tower Serviced Apartment,866.0
483,JW Marriott Hotel Bangkok,9018.721649484536
484,Jasmine 59 Hotel,3081.3333333333335
485,Jasmine City Hotel,3210.8
486,Jasmine Resort Hotel,4611.4375
487,Jazzotel Hotel,1274.0
488,Jellybean CheQinn Hostel Sukhumvit 4,861.1142857142858
489,Jsc,1028.0
490,Justbeds Hotel,754.375
491,K Maison Boutique Hotel,4062.176470588235
492,K79 Room Hostel,493.2842105263158
493,KC Place Hotel Pratunam,1999.0
494,KT Place,655.0
495,Kaloang home,748.0
496,Kama Bangkok Boutique Bed & Breakfast,694.12
497,Kantary House Ramkamhaeng Hotel,2712.9166666666665
498,Karnmanee Palace Hotel,994.0
499,Kaset Guesthouse,389.5
500,Khaosan Art Hotel,956.0222222222222
501,Khaosan Green House Hotel,591.75
502,Khaosan Holiday Guesthouse,746.0
503,Khaosan Park Hotel,673.3333333333334
504,Khurana Inn Hotel,1200.2083333333333
505,Kim Korner Pratunam Hotel,997.8888888888889
506,King Park Avenue Hotel,1480.8666666666666
507,King Royal Garden Inn Hotel,1379.0
508,Kingston Suites Hotel Bangkok,1593.8461538461538
509,Kinnon Deluxe Hostel Coworking Cafe,581.551724137931
510,Klassique Sukhumvit,730.5
511,Klean Residence Hotel,1147.4814814814815
512,Kokotel Bangkok Surawong,1422.767857142857
513,Korbua House,1301.1875
514,Kozy Inn,723.4166666666666
515,Kriss Residence,900.0
516,Kritthai Residence,2366.8571428571427
517,Krongthong Mansion & Hotel,548.0
518,LIKE HOME,1018.125
519,LIT BANGKOK Hotel,4284.333333333333
520,LITA Bangkok,891.0149253731344
521,La Residence Bangkok,1101.5454545454545
522,Ladda Place,390.0
523,Laksameenarai Guesthouse,383.3333333333333
524,Lamphu Tree House Boutique Hotel,2869.0
525,Lancaster Bangkok,7560.215384615384
526,Lazy Sunday Hostel,881.5155279503106
527,Le Fenix Sukhumvit,1469.34375
528,Le Méridien Bangkok,4496.428571428572
529,"Le Méridien Suvarnabhumi, Bangkok Golf Resort & Spa",4968.2307692307695
530,Le Paradis Bangkok,997.6
531,Le Platinum Hotel,995.0
532,Le Platinum Inn,977.5555555555555
533,Le Tada Parkview Hotel,2122.9
534,Le Tada Residence,1981.75
535,Le Touché Hotel Pratunam,819.3333333333334
536,Lee Garden Bangkok,649.0
537,Legacy Express Sukhumvit by Compass Hospitality,1405.2
538,Legacy Suites Hotel Sukhumvit by Compass Hospitality,4683.130434782609
539,Lemontea Hotel,1732.5
540,LiT Bangkok Residence,6131.875
541,Light Jatujak Hostel,1355.142857142857
542,Lilac Relax Residence,1288.090909090909
543,Lily Residence,1444.2857142857142
544,LiveItUp Asok,190.65384615384616
545,LiveItUp Central,508.0
546,Livotel Hotel Lat Phrao Bangkok,1043.5
547,Local Time Bangkok,640.075
548,Locals Bangkok The Rich Sathorn-Taksin,1087.9
549,Lodge 61 Hotel,932.9166666666666
550,Loftel 22 Hostel,639.421052631579
551,Loftel Station Hostel,514.0833333333334
552,Lub d Bangkok Siam Hostel,440.11764705882354
553,Lucky House Khaosan,1060.4
554,Lucky Palace Hotel,1002.0
555,Lullaby Inn Silom,1369.3333333333333
556,Luxx XL Langsuan Hotel,2847.5
557,M2 De Bangkok Hotel,2085.5
558,MA Hotel Bangkok,1670.0
559,Maderla,923.1
560,Maduzi Hotel,4359.223776223776
561,Majestic Grande Hotel,2723.939393939394
562,Majestic Suites Hotel,1419.4651162790697
563,Makkasan Inn,762.0
564,Maleewana Hotel & Resort,2241.4545454545455
565,Mandarin Hotel Managed by Centre Point,3464.2
566,Mandarin Oriental Bangkok,20200.0
567,Mango Bedroom Inn,1303.3625
568,Mango Lagoon Place,1530.1666666666667
569,Manhattan Hotel,1420.6666666666667
570,Manii hostel Asoke,755.8333333333334
571,Maple Hotel,2230.25
572,Marigold Sukhumvit,1281.8181818181818
573,Mariya Boutique Residence,1370.3428571428572
574,"Marriott Executive Apartments Bangkok, Sukhumvit Thonglor",4400.0
575,Marsi Hotel,1628.75
576,Marvel Hotel Bangkok,1281.0
577,Marvin Suites Hotel,1257.1666666666667
578,Marwin Space,3166.5
579,Mascot Hostel,162.0
580,Matchbox Bangkok Hostel,344.8333333333333
581,Maven Stylish Hotel Bangkok,2686.8367346938776
582,Maverick Ratchada Hotel,881.3846153846154
583,Max One Hotel,491.5
584,Maxim's Inn,1286.7619047619048
585,"Mayfair, Bangkok - Marriott Executive Apartments",6524.0
586,MeStyle Place,1435.909090909091
587,Meet Inn @Silom,1077.8181818181818
588,Mellow Fellow Hostel,525.75
589,Mercure Bangkok Makkasan,2375.0
590,Mercure Bangkok Siam Hotel,3955.0
591,Mercure Bangkok Sukhumvit 11,3888.0
592,Meridian De Bangkok Hotel,1274.0
593,Methavalai Residence,1816.7692307692307
594,Metro Hotel,1178.0
595,Metro Pratunam Boutique Hotel,3016.3142857142857
596,Metro Resort Pratunam,3992.2
597,Metropole Residence,4171.676923076923
598,Metz Pratunam Hotel,1187.2222222222222
599,Miami Hotel,1261.5
600,Micro Hostel,595.5
601,Mii Hotel,1576.25
602,Mile Map Hostel,505.4
603,Millennium Hilton Bangkok,4182.9
604,Miloft Sathorn Hotel,2152.875
605,Miracle Grand Convention Hotel,1998.7241379310344
606,Miracle Transit Hotel,3415.5
607,Mode Sathorn Hotel,3542.9444444444443
608,Modena by Fraser Bangkok,3093.75
609,MonkeyNap Hostel,396.92727272727274
610,Monomer Hostel,1037.1489361702127
611,Montara Serviced Apartment Thonglor 25,1386.5
612,Montien Hotel Bangkok,4635.9
613,Montien Riverside Hotel,5467.291666666667
614,Montri Resort Donmuang Apartment,956.0
615,Moumou Hostel,664.2727272727273
616,Movenpick Hotel Sukhumvit 15 Bangkok,3647.2631578947367
617,Mr.sea in Bangkok,763.6507936507936
618,Muangphol Mansion,1096.3333333333333
619,Mueang Mueang Inn Bangkok,342.6666666666667
620,Murraya Residence,835.6428571428571
621,Must Sea Hotel Bangkok,602.0
622,My View Apartment,1225.6
623,My hotel CMYK @ Ratchada,1358.090909090909
624,My hotel herrity,1543.2931034482758
625,Mybed Ratchada Hotel,895.0714285714286
626,Mybed Sathorn Hotel,775.3333333333334
627,NANA Hotel Bangkok,1195.0
628,NRC Residence Suvarnabhumi,608.8888888888889
629,Na Banglampoo Hotel,717.952380952381
630,Nacorn Hostel Khaosan,475.25
631,Naga Residence,1209.4444444444443
632,Naifun BB House,1117.2142857142858
633,Nana City Hotel,1104.75
634,Nana Hiso Hotel,2889.0
635,Nana Tai Suite,1181.25
636,Nanda Heritage Hotel,2880.05
637,Nantra De Comfort Hotel,652.0
638,Nantra Ploenchit Hotel,637.2727272727273
639,Nantra Retreat & Spa,1049.0
640,Nantra Sukhumvit 39 Hotel,716.0
641,Napaville Huai Khwang Hostel,663.6521739130435
642,Nara Suite Residence Bangkok,1699.3333333333333
643,Naratel Hostel Bangkok,486.94805194805195
644,Nasa Vegas Hotel,1108.6190476190477
645,Natee Hostel,786.4052863436124
646,Naturbliss Boutique Residence,1408.6896551724137
647,Nature Boutique Hotel,942.5
648,Navalai River Resort,3162.6111111111113
649,Nego Home,1991.25
650,Neighbor Phuthon,2286.2
651,Nest Boutique Resort,564.6666666666666
652,New C.H. Guest House,772.2727272727273
653,New Central Guesthouse,398.9583333333333
654,New Road Guesthouse,1336.5666666666666
655,New Siam Guest House,333.8
656,New Siam II Guest House,1111.6744186046512
657,New Siam III Guest House,730.625
658,New Siam Palace Ville,1506.611111111111
659,New Siam Riverside,1704.1147540983607
660,New Suanmali Hotel,731.5
661,Nexchange Hostel,1049.8181818181818
662,Nice Residence,2315.4166666666665
663,Nighty 9 Hostel,450.1666666666667
664,Nine Design Place,1751.0727272727272
665,Nine Place,632.1
666,Nine Place 81,467.0
667,Nineplace Ekamai-Prakanong,770.7
668,Nivas Siam Hostel,185.375
669,Nonsi Residence Sathorn Bangkok,1438.4
670,Northgate Ratchayothin,3721.608695652174
671,Nouvo City Hotel,3058.6666666666665
672,Novotel Bangkok Fenix Silom Hotel,2308.923076923077
673,Novotel Bangkok Impact Hotel,4401.0
674,Novotel Bangkok On Siam Square Hotel,4194.666666666667
675,Novotel Bangkok Ploenchit Sukhumvit Hotel,4492.142857142857
676,Novotel Bangkok Sukhumvit 20,4186.055555555556
677,Novotel Bangkok Sukhumvit 4,2871.285714285714
678,Novotel Bangkok Suvarnabhumi Airport,7518.481012658228
679,Oakwood Residence Sukhumvit 24 Hotel,2929.2708333333335
680,Oakwood Residence Sukhumvit Thonglor Bangkok,4103.444444444444
681,Oasis Cafe and Nap,977.5
682,Oasis Inn Bangkok Hotel,800.3333333333334
683,Oberry Resort,1005.6666666666666
684,Ok-Home Airport Apartment,793.2857142857143
685,Old Capital Bike Inn,4352.666666666667
686,Olive Bangkok Hotel,2175.5172413793102
687,Omni Suites Aparts-Hotel,2213.5
688,Omni Tower Sukhumvit Nana by Compass Hospitality,2503.5
689,Omni Tower Syncate Suites,1890.7702702702702
690,On 8 Sukhumvit Nana Bangkok by Compass Hospitality,2653.24
691,On the bed Hostel,411.8395061728395
692,One One Bangkok Hotel,2385.0
693,Oneday Hostel Sukhumvit 26,1311.0
694,Orchid Inn,592.5
695,Orchid Resort,776.6153846153846
696,Oriental Heritage Residence,1483.090909090909
697,Oriental Residence Bangkok,5794.327014218009
698,Oriental Smile Hotel,1233.5
699,Oun Hotel Bangkok,833.0
700,P Park Residence Suvarnabhumi,837.0
701,P2 Boutique Hotel,1217.142857142857
702,PAMAhouse Boutique Hostel,1324.642857142857
703,PJ Watergate Hotel,1200.0
704,PN Home Service,1145.6666666666667
705,POPCORN RATCHADA HOUSE,897.3225806451613
706,PP Plus Mansion Sukhumvit 71,1330.5
707,Pak-D Resort,1040.75
708,Pakdee Pratunam Bed and Breakfast,1660.0
709,Palazzo Hotel,1134.5
710,PanPan Hostel Bangkok,769.211038961039
711,Panida Suite,2039.0
712,Panini Residence,208.0
713,Pannapat Place,740.75
714,Pannee Lodge,756.0
715,Pannee Residence @ Dinsor,670.5
716,Paradiso Boutique Suites,1504.9714285714285
717,Paragon One Residence,935.0
718,Parinda Hotel,2155.409090909091
719,Park 19 Residence,1756.0666666666666
720,Park Hyatt Bangkok,18027.21518987342
721,Park Plaza Bangkok Soi 18,2670.8518518518517
722,Park Plaza Sukhumvit Bangkok,2982.75
723,Park Village Serviced Suites,1584.4583333333333
724,Parkway Inn,1108.75
725,Parvena Hotel Bangkok,1584.6785714285713
726,Pathumwan Princess Hotel,11217.0
727,Patumwan House,2090.0
728,Pearl Resort & Hotel,1869.0
729,Penang Palace,747.6666666666666
730,Penpark Place,868.5652173913044
731,Petals Inn,1070.125
732,Petit Hostel Bangkok,588.7142857142857
733,Phachara Suites Sukhumvit,2138.75
734,Phaphoom Boutique Residence,1103.5
735,Phiman River View Guest House,552.0
736,Pho Hostel,720.625
737,Pho Place,1288.3333333333333
738,Phresh Hostel,816.2857142857143
739,Phurahong Homestay,777.4166666666666
740,Picnic Hotel Bangkok,1731.6666666666667
741,Pier 49 Hostel,657.1785714285714
742,Pietra Bangkok Hotel,1103.8
743,Pillow Land Onnut,1181.0
744,Pink Guest House,420.5
745,Pinnacle Dream,1670.0
746,Pinnacle Lumpinee Park Hotel,1511.5714285714287
747,Pitikant Place,869.3333333333334
748,Ploen Bangkok Hostel Khaosan,445.04761904761904
749,Ploy Khumthong Boutique Resort,1133.0
750,Plume Residence Minburi,784.0
751,Pohseen Hotel,808.0
752,Pool Villa @Donmueang,771.0
753,Poonchock Mansion,935.0
754,Poste 43 Residence,1729.677966101695
755,Praso @ Ratchada12 Hotel Bangkok,1501.095238095238
756,Praso Ratchada Private Residence,929.6666666666666
757,Pratunam Pavilion Hotel,1415.0
758,Pratunam19 hotel,2115.714285714286
759,Praya Palazzo Hotel,6305.25
760,Preme Hostel,983.02
761,President Park Hotel,2476.0
762,Prime Hotel Central Station Bangkok,2049.8571428571427
763,Primrose Place,1699.0
764,Prince Palace Hotel,2277.1428571428573
765,Prince Suite Residence Managed by Prince Palace,3464.0
766,Prom Ratchada Hotel,1033.0
767,Pullman Bangkok Grande Sukhumvit,4725.277777777777
768,Pullman Bangkok Hotel G,4765.0
769,Pullman Bangkok King Power Hotel,5175.51282051282
770,Q Residences,2696.75
771,Q Space Residence,1283.891304347826
772,Q6 AT 6,382.0
773,Qiu Hotel Sukhumvit,1351.392857142857
774,Qube Suites Serviced Apartment,1959.6521739130435
775,RIO MONTE RESIDENCE,734.1428571428571
776,Radisson Blu Plaza Bangkok,5495.416666666667
777,Radisson Suites Bangkok Sukhumvit,2962.0714285714284
778,Rafael Mansion Bangkok Airport,2757.0625
779,Rainforest Guest House,508.3529411764706
780,Rajah Hotel,1139.6666666666667
781,Rajata Hotel,807.6666666666666
782,Rama Gardens Hotel,4852.0
783,Rama9 Kamin Bird Hostel,556.5185185185185
784,Ramada D’ma Bangkok Hotel,2554.4411764705883
785,Ramada Plaza Bangkok Menam Riverside,4528.868571428571
786,Rambuttri House,818.3
787,Ratchada 17 Place,607.1142857142858
788,Ratchada Point Hotel,911.0
789,Ratchada city hotel,1095.3333333333333
790,Ratchadamnoen Residence,1614.3870967741937
791,Red Planet Bangkok Asoke,1369.8
792,Red Planet Bangkok Surawong,917.2608695652174
793,Refill Now! Hostel,910.6923076923077
794,Regent Suvarnabhumi Hotel,731.0
795,Renaissance Bangkok Ratchaprasong Hotel,5691.379310344828
796,Rent v38,2000.0
797,Resort M Bangkok - BTS Onnut,1322.0689655172414
798,Rest 3 Hostel,728.9
799,Rest Inn Dormitory Guest House,308.0
800,Restiny Hostel,2277.1176470588234
801,RetrOasis Hotel,1329.0416666666667
802,Retro 39 Hotel,1312.6153846153845
803,Ricco Residence Suvarnabhumi,882.0
804,Richmond Stylish Convention Hotel,3147.6666666666665
805,Right Place Sathorn,1245.0
806,Rikka Inn,816.3
807,Rimklong Hostel,981.5
808,Riski Residence,997.5
809,Riva Arun Bangkok,3057.8
810,Riva Surya Bangkok Hotel,4527.583333333333
811,Riverfront Residence,2213.027777777778
812,Romance Hotel Bangna,941.9285714285714
813,Romance Hotel Srinakarin,792.0
814,Rompo Mansion Bangkok,1626.4
815,Rongratana Executive Residence,8633.0
816,Roof View Place Hotel,657.16
817,Room @ Vipa Guest House,1376.2142857142858
818,Rose Hotel,2079.0625
819,Roseate Ratchada,826.3333333333334
820,Royal Benja Hotel,13333.0
821,Royal Express Inn Sukhumvit,325.5
822,Royal Garden Home Hotel,1935.7096774193549
823,Royal Ivory Sukhumvit Nana by Compass Hospitality,1293.75
824,Royal Orchid Sheraton Hotel & Towers,4068.181818181818
825,Royal President Hotel,2602.05
826,Royal Suite Hotel Bangkok,5227.538461538462
827,Royal View Resort,2209.4285714285716
828,S Box Sukhumvit Hotel,1514.6
829,S L A bar n'bed,577.0
830,S.K. Residence,788.5555555555555
831,S1 Hostel,749.0416666666666
832,S15 Sukhumvit Hotel,3147.4
833,S3 Residence Park,1168.857142857143
834,S30 Hotel,837.4285714285714
835,S31 Sukhumvit Hotel,3145.4827586206898
836,S33 Compact Sukhumvit Hotel,1639.6515151515152
837,S6 Sukhumvit Hotel,971.5
838,SC Park Hotel,1488.1153846153845
839,SD Avenue Hotel,1513.0
840,SM Grande Residence,3802.1666666666665
841,SO SOFITEL BANGKOK,10074.971428571429
842,SP Residence,381.5
843,SPN Place Ratchada,1004.7333333333333
844,SSIP Boutique Dhevej Bangkok (Adults Only),2010.0
845,Sabai Sabai at Sukhumvit,1541.5689655172414
846,Sabaidee Minitel Hotel,1265.3870967741937
847,Sabuydee Guesthouse,471.0
848,Sacha's Hotel Uno,1885.0
849,Sakun Place,487.75
850,Salil Hotel Sukhumvit - Soi Thonglor 1,2505.730769230769
851,Salil Hotel Sukhumvit Soi 11,1673.0
852,Salil Hotel Sukhumvit Soi 8,1610.7916666666667
853,Samran Place Hotel,1040.0
854,Samsen 8 Hostel,747.5
855,Samsen sam Place,768.8644067796611
856,Samyan Serene Hotel,1960.0
857,Sananwan Palace,603.3333333333334
858,Sandy Serviced Apartment,470.0
859,Sara's Hotel,4308.545454545455
860,Sarasinee All Suite Boutique Hotel,1568.0
861,Sarnn Sukhumvit 28,890.3333333333334
862,Sathorn Saint View Serviced Apartment,632.7142857142857
863,Sathorn Terrace Apartment,1405.64
864,"Sathorn Vista, Bangkok - Marriott Executive Apartments",7137.0952380952385
865,Sawasdee Hotel Sukhumvit Soi 8,1009.0526315789474
866,Sawasdee House,822.0
867,Sawasdee Sukhumvit Inn Hotel,952.3333333333334
868,Season Place,702.3333333333334
869,Sena House Paholyothin 30,1381.0
870,Sena Place,726.1428571428571
871,Sereine Sukhumvit 39 Hotel,1529.0
872,Serene Asoke Suites,970.2857142857143
873,Serene Bangkok Bed & Breakfast,1137.8
874,Shama Lakeview Asoke Bangkok,3035.3846153846152
875,Shanghai Mansion Bangkok,3204.5
876,"Shangri-La Hotel, Bangkok",9205.474285714286
877,Shanti Lodge,887.6666666666666
878,"Sheraton Grande Sukhumvit, a Luxury Collection Hotel, Bangkok",8361.247252747253
879,Siam @ Siam Design Hotel Bangkok,4975.903225806452
880,Siam Golden Place,1755.888888888889
881,Siam Journey Guesthouse,392.1666666666667
882,Siam Kempinski Hotel Bangkok,12817.944444444445
883,Siam Paradise Hotel,3434.0
884,Siam Plug In Boutique Hostel,574.1327433628319
885,Siam Privi Hotel,858.6666666666666
886,Siam Swana Hotel,1274.0
887,Siam Tharadol,2413.9
888,Siam-Champs Elyseesi Unique Hotel Bangkok,2955.188679245283
889,Siamaze Hostel,901.0833333333334
890,Siamese Studio,983.4666666666667
891,Siamhubbiz Hostel Bangkok,815.2222222222222
892,Sidare Bed and Breakfast,480.75
893,SilQ Bangkok Hotel,1931.6666666666667
894,Silom Art Hostel,1414.844827586207
895,Silom Avenue Inn Hotel,685.6666666666666
896,Silom City Hotel,2433.159420289855
897,Silom One Hotel,1886.5
898,Silom SPACE Hostel,589.6031746031746
899,Silom Serene Hotel,1658.857142857143
900,Silom Studios,2021.2222222222222
901,Simply Sleep Hostel,2363.5694444444443
902,Sinsuvarn Airport Suite,1445.142857142857
903,Siri Sathorn Hotel,6597.142857142857
904,Sivalai Place Bangkok,2417.6785714285716
905,Sivatel Bangkok Hotel,13151.007936507936
906,Sky Inn 1,1103.3333333333333
907,Sky Suites,1208.6666666666667
908,Skyy Hotel,1484.6666666666667
909,Skyy Residence,2371.5
910,Sleep Dee Hostel,738.5
911,Sleep Lab Hostel,371.0
912,Sleep Withinn Hotel,1025.3333333333333
913,Sleepbox Sukhumvit 22 Hostel,1042.5
914,Slumber Party Hostel & Bar Bangkok,639.5882352941177
915,Smart Mansion,1168.5
916,Smile Inn,569.6785714285714
917,Smile Society,1026.3823529411766
918,Snooze Hotel Thonglor Bangkok,881.9
919,Sofitel Bangkok Sukhumvit Hotel,7734.0
920,Solitaire Bangkok Sukhumvit 11,3756.5882352941176
921,Some Rest Hostel,858.0
922,Somerset Ekamai Bangkok,3469.4736842105262
923,Somerset Park Suanplu Bangkok,3887.3469387755104
924,Sourire at Rattanakosin Island Hotel,2050.6923076923076
925,Spb Paradise Hotel,588.75
926,Sri Krungthep Hotel,708.1111111111111
927,Sriprajuk Mansion,520.0
928,St. James Hotel,2110.657142857143
929,Stable Lodge,1632.8666666666666
930,Stay Hostel,607.0
931,Stay Hotel BKK,1402.396551724138
932,Strand Inn Hotel,1151.6666666666667
933,Studio Asoke,1276.3333333333333
934,Studio Ekamai,782.6666666666666
935,Studio Nana by iCheck inn,893.2
936,Studio Residence Sukhumvit 71,516.6666666666666
937,Studio Sukhumvit 18 by iCheck inn,1143.0
938,Suansin Art Garden,647.0
939,Suayai Guesthouse,373.0
940,Suda Palace,850.0
941,Sudyod Apartment,1053.0
942,Sukhon Hotel,2196.8372093023254
943,Sukhothai Residence Ruam Ruedi,1869.0
944,Sukhumvit 11 business inn by bunk,531.6666666666666
945,Sukhumvit 20 Hotel,618.0
946,"Sukhumvit Park, Bangkok - Marriott Executive Apartments",3882.3333333333335
947,Sukhumvit Suites Hotel,2516.0
948,Summit Pavilion Hotel,1343.2307692307693
949,Summit Windmill Golf Residence,5236.114285714286
950,Suneta Hostel Khaosan,571.0941176470589
951,Sunny Residence,709.875
952,Super Hostel,476.8333333333333
953,Suphan Lake Hometel,627.0
954,SureStay Plus by Best Western Sukhumvit 2,3214.285714285714
955,Suriwongse Hotel,1348.0
956,Suvarnabhumi Suite,1689.8333333333333
957,Swan Hotel,1002.6
958,SweetLoft Hotel,1436.1333333333334
959,Swissotel Bangkok Ratchada,4365.0
960,Syama Suites,1648.375
961,Synsiri 2 Ladprao 98/1 Apartment,543.75
962,Synsiri 5 Nawamin 96 Apartment,555.75
963,T Hostel @ Rama 4,674.475
964,T Hostel Victory Monument,699.55
965,T Series Place Serviced Apartment,2012.0
966,T-Boutique Hostel,672.3478260869565
967,T3 RESIDENCE,726.9375
968,T8 Guesthouse Challenger Muang Thong Thani,679.1666666666666
969,THA City Loft Hotel,1323.6666666666667
970,TK Palace Hotel,2021.5555555555557
971,TKTâ€™s Row House,622.375
972,Tai-Pan Hotel,1699.2173913043478
973,Take A Nap (Hostel),1316.8181818181818
974,Take A Rest Donmuang Residence,758.3333333333334
975,Talakkia Boutique Hotel,1157.3333333333333
976,Tanee Place,953.5555555555555
977,Tara Garden Hotel,840.0
978,Tara Lake Hotel,1069.5
979,Tara Place,1373.8157894736842
980,Tarawish Hotel,1835.965909090909
981,Tawana Bangkok Hotel,1817.6
982,Teja Lake View Apartments,2278.6666666666665
983,Ten Ekamai Suites by Aspira,1747.8076923076924
984,Ten Stars Inn,929.0
985,Thai Cat Hostel,1880.6842105263158
986,Thai Cozy House Hotel,722.3
987,Thai Garden House,199.5
988,Thai Garden Resort,601.6666666666666
989,Thana Place Charunsanithwong 34,571.6666666666666
990,Thanapa Mansion Don Muang Airport,771.4285714285714
991,Thanaree Place,1359.5
992,The 44,561.6025641025641
993,The 93 Hotel,1446.0
994,The Aim Sathorn Hotel,851.0
995,The Aiyapura Bangkok,974.625
996,The Atrium Ratchada 13 Hotel,829.0
997,The BOB Hostel,358.0
998,The Bangkhunphrom Suites,1024.0
999,The Bavana Surawong Bangkok,1203.1666666666667
1000,The Bedroom Ladprao 101,773.8095238095239
1001,The Bedrooms Boutique Hotel,1004.4411764705883
1002,The Berkeley Hotel Pratunam,2698.777777777778
1003,The Best Place,656.2222222222222
1004,The Blooms Residence,637.0
1005,The Canal Hotel,894.2333333333333
1006,The Chatbox Silom Hostel,1019.0714285714286
1007,The Chilli Bangkok Hotel,537.8333333333334
1008,The Choice Residence - Adults Only,820.7222222222222
1009,The Color Living Hotel,2989.5
1010,The Connex Asoke,2661.7297297297296
1011,The Continent Bangkok by Compass Hospitality,4470.0
1012,The Cube Hostel,366.8333333333333
1013,The Dawin Bangkok Hotel,2255.4285714285716
1014,The Duchess Hotel and Residences,3890.5714285714284
1015,The Ecotel Bangkok Hotel,1256.9166666666667
1016,The Embassy Sathorn,936.5
1017,The Emerald Hotel - Bangkok,3914.375
1018,The FAH Silom Hotel,1812.75
1019,The Garden Place Bangkok,419.0
1020,The Grand Fourwings Convention hotel,4337.357142857143
1021,The Grand Sathorn Hotel,1594.1538461538462
1022,The Green Bells Residence,1177.8947368421052
1023,The Hab Hostel,1080.4
1024,The Heritage Silom Hotel,2473.904761904762
1025,The Heritage Srinakarin Hotel,1037.6666666666667
1026,The Ivory Suvarnabhumi Hotel,843.8888888888889
1027,The Journey Hotel Laksi,1091.0377358490566
1028,The Kaze 34 Hotel and Serviced Residence,1125.625
1029,The Key Sukhumvit Bangkok by Compass Hospitality,2279.013698630137
1030,The Krungkasem Srikrung Hotel,929.75
1031,The Landmark Hotel Bangkok,7932.742424242424
1032,The Little Alley,1030.0
1033,The M Pool Villas Bangkok - BTS Ekkamai,1184.5384615384614
1034,The Meet Green Apartment,969.0
1035,The Mini R Ratchada Hotel,1221.5
1036,The Mix Bangkok - Phrom Phong,1645.923076923077
1037,The Mix Bangkok - Silom,803.6363636363636
1038,The Moonite Boutique Hotel,1697.764705882353
1039,The Myth-Sud Sathorn,1693.5185185185185
1040,The Nararam 3 Suite,964.3333333333334
1041,The Narathiwas Hotel & Residence Sathorn Bangkok,2430.4583333333335
1042,The Nine Backpacker,1004.75
1043,The Nine House,613.0
1044,The Ninth Place Serviced Residence,1986.5
1045,The Okura Prestige Bangkok,11783.776255707762
1046,The Onion Hostel,898.0
1047,The Orientale,848.4
1048,The Overstay Hostel,194.25
1049,The Park Hotel Sukhumvit 7,1084.0
1050,The Park Nine Hotel & Serviced Residence Srinakarin Bangkok,2859.7619047619046
1051,The Park Residence,1170.1666666666667
1052,The Patra Hotel,1428.6470588235295
1053,The Peninsula Bangkok,16797.18128654971
1054,The Period Pratunam Hotel,1587.6666666666667
1055,The Pillow Hostel,619.2777777777778
1056,The Platinum Suite,774.5
1057,The Plim Place,1584.25
1058,The Plim Place 2,2221.25
1059,The Plubpla Serviced Apartment,748.7391304347826
1060,The Prima Residence,1149.5
1061,The Raweekanlaya Bangkok,3511.5384615384614
1062,The Raya Surawong Hotel,2063.6666666666665
1063,The Region Hostel,850.0
1064,The Residence on Thonglor by UHG,1842.4615384615386
1065,The Richy Place,986.3333333333334
1066,The Rooftop Residence,1286.6153846153845
1067,The Room at Lawn Tennis Impact Muang Thong,3499.375
1068,The Royal City Hotel,2502.0
1069,The Royal River Hotel,1778.5
1070,The Royal ThaTien Village,907.9411764705883
1071,The Salil Hotel Sukhumvit 57 - Thonglor,4910.0
1072,The Seasons Bangkok Huamark Hotel,1215.0
1073,The Seven Luck - Stay in Style,1048.4615384615386
1074,The Shade House,900.3076923076923
1075,The Siam Heritage Hotel,2343.6470588235293
1076,The Siam Hotel,28292.506329113923
1077,The Silver Palm Rama Nine Huamark,2508.909090909091
1078,The Star of Sathorn,4199.733333333334
1079,The State Apartment,701.0
1080,The Step Sathon,1067.4705882352941
1081,The Sukhothai Bangkok,8266.621794871795
1082,The Sukosol,4312.836363636364
1083,The Sunreno Serviced Apartment,2589.913043478261
1084,The Sunrise Residence,935.0
1085,The Tepp Serviced Apartment,2187.0
1086,The Travellers Hotel,1051.8
1087,The Twins Hostel,352.8333333333333
1088,The Unforgotten B&B,4172.723404255319
1089,The Urban Age Hostel,317.3333333333333
1090,The Vertical Suite,3143.4285714285716
1091,The Victory Executive Residences Bangkok,1995.0833333333333
1092,"The Westin Grande Sukhumvit, Bangkok",5854.347826086957
1093,Theatre Residence,3155.472222222222
1094,Thee Bangkok Hotel,1540.1904761904761
1095,Thong Ta Resort Suvarnabhumi,826.5714285714286
1096,Thonglor 21 Residence Managed by Bliston,3338.5
1097,Thonglor travellers' hostel and cafe',1021.0105263157894
1098,Thongtara House Boutique Residence,2199.0
1099,Thongtha Residence at Suvarnabhumi,735.0
1100,Three Sukhumvit Hotel,2141.3333333333335
1101,Tiger Lily Hostel,1645.3066666666666
1102,Tim Mansion,1100.8809523809523
1103,Tini Kati Hostel,687.9736842105264
1104,Tints Of Blue Hotel,2060.25
1105,Tongpoon Hotel,1378.1666666666667
1106,Tongtara Riverview Hotel,1422.0
1107,Tonson Residence B Boutique,6420.0
1108,Top High Airport Link Hotel,1003.75
1109,Tower Club at Lebua Hotel,8874.796296296296
1110,Town In Town Hotel,1274.0
1111,Travel Lodge,1495.3333333333333
1112,Travelodge Sukhumvit 11,1799.0
1113,Trica Hostel,560.75
1114,Trinity Silom Hotel,6099.5
1115,Triple 8 Inn Bangkok,1476.5454545454545
1116,True Siam Phayathai Hotel,1742.8125
1117,True Siam Rangnam Hotel,1440.6333333333334
1118,Tubtim Siam Suvarnabhumi Hotel,1355.107142857143
1119,Tuscany Avenue Service Apartment,1042.0
1120,Twin Towers Hotel,2900.7391304347825
1121,Two Three A Homely Hotel,3939.3333333333335
1122,U Sathorn Bangkok,5630.428571428572
1123,U Sukhumvit Hotel Bangkok,3750.5714285714284
1124,U-SA-BY HOUSE,413.0
1125,U431 Chaengwattana,974.5
1126,UMA Residence,1176.1818181818182
1127,UNO INN,1145.625
1128,Unico Hostel Bangkok,1299.0
1129,Urban Hostel Bangkok,822.0
1130,V VAREE Bangkok,1084.7777777777778
1131,V20 Boutique Hotel,4408.9240506329115
1132,VILLA23 Residence,1047.0
1133,VM1 Hostel,846.1724137931035
1134,VPlace Silom,1309.4615384615386
1135,VR Hostel,142.0
1136,VX The Fifty Hostel,404.0888888888889
1137,Vabua Asotel Bangkok,795.5
1138,"Vacation Bangkok, The Artistic Home",3030.8823529411766
1139,Varmtel,1308.0
1140,Vera Nidhra Bed & Breakfast,1813.5555555555557
1141,Veronica Residence,2489.6666666666665
1142,Very Thai House,1024.4
1143,Vic3 Bangkok,2018.7962962962963
1144,Victory Park Hostel,1572.5
1145,Villa Guest House,449.0
1146,Villa Madame Resort,693.8333333333334
1147,Vince Hotel Pratunam,32908.153846153844
1148,Violet Tower at Khaosan Palace,889.0
1149,Visa Hotel,794.0
1150,Vismaya Hotel Suvarnabhumi,2150.0
1151,Viva Garden Serviced Residence,2451.5833333333335
1152,Volve Hotel Bangkok,3596.4268292682927
1153,W Station,1306.4375
1154,W22 by Burasari,1729.2328767123288
1155,WACHI HOSTEL,600.0
1156,Wake Up Hostel Bangkok,511.8
1157,Wanderlust Bangkok Hostel,370.5
1158,Warm White Hostel,233.7962962962963
1159,Water Lily Hostel,1606.0
1160,Waterside Boutique Hotel,1157.0
1161,Wayha Hostel Don Mueang Airport,385.3070866141732
1162,Weeping Willow Sukhumvit 26,1565.421052631579
1163,Well Hotel Bangkok,3743.4814814814813
1164,Wendy House,989.7142857142857
1165,White Home Residence,456.5
1166,White House Asoke Sukhumvit 18,1102.3333333333333
1167,White Ivory Bed and Breakfast,1357.095238095238
1168,White Palace Hotel,1234.0
1169,WiNNiNE Cozy Home,2240.6862745098038
1170,Wild Orchid Villa,555.8
1171,Witchuwan Apartel,1597.2
1172,Wongcharearn Mansion,492.0
1173,Woodlands Inn,662.0416666666666
1174,X2 Vibe Bangkok Sukhumvit,1583.1666666666667
1175,X9Hostel,1218.25
1176,YHA Bangkok Airport Hostel,736.5714285714286
1177,YHA Bangkok Downtown,501.0
1178,Yadoya @ thonglor,695.5
1179,Yaks House Hostel,873.4
1180,Yellow Ribbon Hills Boutique Suites,2640.25
1181,Yim Yam Hostel & Garden,1512.8
1182,Yindee Hostel Bangkok,634.8888888888889
1183,Yor Yak Hostel,669.243654822335
1184,Yotaka Residence,2217.5
1185,ZEN Rooms Damrongrak Road,706.3333333333334
1186,ZEN Rooms Phaholyothin 69,821.5
1187,ZEN Rooms Phetchaburi 13,1364.0
1188,ZEN Rooms Silom 12,947.0
1189,ZEN Rooms Sukhumvit Soi 3,1420.3333333333333
1190,ZENNIQ,1349.3461538461538
1191,ZLEEP63 Hostel,514.5
1192,ZZZ hostel,713.5
1193,Zazz Urban Bangkok,2683.8
1194,Zee Thai Hostel,501.0
1195,Zen Rooms Ladprao Soi 23,647.0
1196,Zen Rooms Silom Soi 17,941.6666666666666
1197,Zenith Sukhumvit Hotel,2772.5
1198,Zensation The Residence,2181.0
1199,Zenya Inn,1028.0
1200,akyra Thonglor Bangkok,6006.808823529412
1201,d HOSTEL BANGKOK,854.6538461538462
1202,hostel24,500.25
1203,iCheck Inn Nana,1153.909090909091
1204,iCheck inn Residence Sathorn,2957.09375
1205,iCheck inn Residences Sukhumvit 20,1443.5
1206,iCheck inn Silom,825.4
1207,iCheck inn Sukhumvit 22,910.4444444444445
1208,iCheck inn Sukhumvit Soi 2,1612.6285714285714
1209,iSanook HOSTEL,213.66666666666666
1210,ibis Bangkok IMPACT,1633.6363636363637
1211,ibis Bangkok Sukhumvit 4,1312.1818181818182
1212,ibis Styles Bangkok Khaosan Viengtai,3004.8333333333335
1213,lebua at State Tower,5673.365853658536
1214,zleepmotion bangkok,1232.388888888889
