,lat,long
THE Bedroom Ladprao 101,13.7874874,100.6311393
Nasa Vegas Hotel,13.7429038,100.6018328
Romance Hotel Bangna,13.6759179,100.6430966
Monkey Nap Hostel,13.7271192,100.573109
SC Park Hotel,13.7676704,100.603363
B2 Bangkok Hotel / บีทู กรุงเทพ,13.7537823,100.6444698
The Embassy Sathorn,13.7239603,100.5386707
Siam Privi Residence,13.7736539,100.5813334
De Botan Sri Nakharin,13.6959482,100.6466681
The Boss's Place,13.719926,100.548988
Ten Ekamai Suites by Aspira,13.728872,100.59021
48 Metro Hotel & MaMaison,13.8186275,100.592832
Sukhumvit 20 Hotel,13.7308338,100.5638014
14 Resort,13.7116803,100.4322602
Bangkok 68,13.786273,100.569474
STAY Hotel Bangkok,13.786668,100.5713578
Baron Zotel Bangkok,13.7723678,100.6406919
3Howw Hostel Sukhumvit 21,13.7404703,100.5623979
VX THE FIFTY,13.704677,100.595709
Wongcharearn Mansion,13.7707355,100.6321066
Solitaire Bangkok Sukhumvit 11,13.7451592,100.5574826
PARC Town In Town,13.7719628,100.6113892
Best Comfort,13.7409377,100.5593153
Boss Suites,13.7357687,100.5523175
JellyBean CheQinn Sukhumvit Soi 4 Hostel,13.7401108,100.5535292
Grande Centre Point Sukhumvit 55,13.7318441,100.5821082
Arnoma Grand Bangkok,13.7465361,100.5409268
Pinnacle Lumpinee Park Hotel,13.7237134,100.5483001
At Mind Executive Suites,13.7025944,100.60337
I Residence Hotel Sathorn,13.7201456,100.5386212
Cazz hostel & Coffee Shop,13.712135,100.59571
The Sunrise Residence,13.7269554,100.5392699
Convenient Park Hotel,13.6888666,100.6080856
ArunHaus 39,13.7645206,100.4816997
The Aiyapura Bangkok,13.7245625,100.4953335
Hi Residence Bangkok,13.7565142,100.558599
The Heritage Hotel Bangkok,13.7239723,100.5298923
Centara Grand at Central Plaza Ladprao Bangkok,13.8178547,100.5598752
Studio Sukhumvit 18,13.7304759,100.562687
The BOB Design-Led Hostel,13.7303935,100.5864339
Montien Riverside Hotel,13.6883749,100.5077311
Aspira Hana Residence Thong Lor,13.7387507,100.580686
Clef Hotel,13.6570937,100.6034208
Le Paradis Bangkok,13.8255584,100.5696662
Heritage Hotel Sathorn,13.7175471,100.5256577
H-RESIDENCE SATHORN,13.7162207,100.5254777
Ton Aor Place,13.7896801,100.5784701
The Rabbit hole Hostel,13.6883347,100.6091975
Hope Land Executive Residence Hotel,13.7132144,100.5933996
Studio Residence Bangkok Sukhumvit 71,13.7367233,100.6012662
Praso @ Ratchada 12,13.774813,100.574708
Hotel Nantra De Comfort,13.729921,100.580928
Sawasdee Sukhumvit Inn,13.7254012,100.5801296
Lodge 61 B&B Hotel,13.7216881,100.582944
Regent Ramkhamhaeng 22,13.7542383,100.6134494
My Hotel CMYK@Ratchada,13.7790127,100.5761523
Nantra Ploenchit hotel,13.7468301,100.5491087
Nine Place 40,13.7136071,100.5812817
Marisa Residence,13.6924136,100.6113563
King Royal Garden Inn,13.7187577,100.5211305
Yotaka the hostel,13.771232,100.6217347
BB Boutique Mansion,13.730993,100.56313
Bangkok City Suite Hotel,13.7571278,100.5219118
Blissotel Ratchada,13.7626064,100.5649414
J.S. Tower Service Apartment,13.7005178,100.5956795
Double DD House @Sutthisan Rd.,13.7883084,100.5747808
Chateau de Sukhumvit,13.6992106,100.5988293
ZEN Rooms Darjelling,13.7349886,100.5622246
Bed By City Hotel,13.7309395,100.5282345
Resort M Bangkok,13.7068304,100.6051939
RATCHADA POINT HOTEL,13.7888999,100.5758999
The Platinum Suite,13.7398045,100.6085084
The Hip Bangkok,13.7762589,100.5713931
ฟอร์ ยู เรสซิเดนส์ (สีลม),13.723918,100.521984
Q Space Residence (คิว สเปซ เรสซิเด้นซ์),13.8000435,100.5704919
Riomonte Residence,13.6967617,100.5108593
Olive Bangkok Hotel,13.687492,100.607172
The Sunreno Serviced Apartment,13.704302,100.505129
"D Varee Xpress Makkasan Hotel, Bangkok",13.7496553,100.5609718
BAANNUENG @ AREE 5,13.780776,100.53967
Royal Express Bangkok Hotel,13.7397389,100.5558309
ROMANCE HOTEL SRINAKARIN,13.6743838,100.6480512
Aravinda Living Home,13.7215585,100.5892553
Dusit International,13.7327407,100.5309014
zleepmotion bangkok,13.720572,100.565694
The Choice Residence,13.6824326,100.4757273
OYO 102 Diamond Residence Silom,13.7248927,100.5245252
Rompo Mansion,13.7177702,100.5654014
Krongthong Mansion (Onnut 21),13.7100125,100.6129927
Mirth Sathorn Hotel,13.7257321,100.5360483
Studio Sukhumvit 11 by iCheck inn,13.7449327,100.5565353
S Box Sukhumvit Hotel,13.733483,100.566244
White House Asoke Sukhumvit 18,13.735214,100.5626927
Admire Thonburi,13.726046,100.491352
The Heritage Hotels Srinakarin Bangkok,13.6959777,100.6412696
S3 Residence Park,13.763046,100.541006
B2 Bangna Premier Hotel / บีทู บางนา พรีเมียร์ กรุงเทพ,13.6743551,100.6475394
Park 19 Residence,13.7362393,100.5868781
Aspira Hiptique Bangkok,13.7459498,100.5582579
AC Habitat Bangkok,13.7615869,100.6396129
Aim House Bangkok Hotel,13.722242,100.505474
Smore Sala Daeng,13.7273958,100.5364943
De Sky sukhumvit-ekkamai,13.7224832,100.5838952
Livotel Hotel Lat Phrao,13.764962,100.633333
Himalaya Residence,13.7421123,100.567575
Rainforest Guest House & Café,13.7260591,100.5756813
iCheck inn Regency Sukhumvit,13.7295216,100.572017
Marsi Hotel,13.68452,100.613882
Metropole Residence (Previously Parc 39),13.7365357,100.5734968
Nana Tai Mansion Apartments,13.7343513,100.5534498
The Step Sathon,13.7184202,100.5209734
Summit Pavilion Hotel,13.727128,100.658004
Synsiri Ladphrao 130,13.7676731,100.6327308
Ratchada 17 Place,13.7856997,100.570748
napaville,13.7775761,100.5818804
Nantra Retreat and Spa,13.730839,100.582515
Naga Residence,13.717924,100.508676
Swutel Hotel,13.7446373,100.5635164
The Aim Sathorn Hotel,13.719716,100.5484374
My Bed Sathorn,13.717399,100.539652
K79room Hostel,13.707116,100.6005095
@Ratchada 14,13.782079,100.575006
BS Court Residence,13.7220946,100.5366775
Fullrich Residence,13.803376,100.601418
Nice Residence Hotel @Ekamai 14,13.7320444,100.5873827
Atrium Boutique Resort,13.7743455,100.5784476
L.A. Tower,13.785304,100.569734
Solo Express Sukhumvit 81,13.70633,100.6054162
Maverickratchada Hotel,13.7863864,100.5683504
Klassique Sukhumvit,13.7104969,100.5982205
Watana Hotel,13.7865118,100.572701
Diamond Residence Ratchada Hotel,13.7873572,100.576827
The Bedrooms Boutique Hotel,13.7094458,100.6022814
The Atrium Ratchada13,13.781163,100.572205
Witchuwan Apartel,13.762284,100.559792
ลอฟต์ 77,13.7103546,100.6292255
Pietra Bangkok,13.785409,100.574179
Mestyle Place,13.7884004,100.5834249
Ds67 Suites,13.7164115,100.5898117
The Green Bells,13.7437601,100.5901634
Studio Ekamai,13.7176837,100.5880835
iCheck inn Residences Sathorn,13.7008646,100.5388273
Roseate Ratchada,13.7604561,100.5644867
Spb Paradise,13.7870975,100.5767576
Bansabai Hostel,13.8165315,100.6092823
Beat Hotel Bangkok,13.7147144,100.5933477
BB house mini suite hotel,13.7945302,100.6131796
Snooze Hotel Thonglor Bangkok,13.7338553,100.5798719
The Bangkok Cha Cha Suite,13.806378,100.595077
130 Hotel & Residence Bangkok โรงแรม วันเทอร์ตี้ เรสซิเด้นซ์ ซอยลาดพร้าว 130,13.77177,100.632121
OYO 103 Euro Grande,13.738134,100.5668806
Royal Suite Hotel Bangkok,13.7484246,100.5978962
D Day Suite Mengjai,13.770123,100.5802155
JL Bangkok,13.754269,100.611778
Baron Residence Bangkok,13.766405,100.63306
Siamese Studio,13.7580433,100.5699246
Aspira G Sukhumvit 33,13.735545,100.567947
Northgate Ratchayothin,13.829627,100.563298
Aspira Davinci Sukhumvit 31,13.7344242,100.5658764
Nantra Sukhumvit 39,13.7311761,100.5701844
Boss Mansion,13.7131284,100.5848901
Vabua Asotel Bangkok,13.769137,100.632265
Fx Hotel Metrolink Makkasan,13.749674,100.562955
Bangkok Cha-Da,13.7740918,100.5738697
A-One Bangkok Hotel,13.74693,100.586829
Aspira Grand Regency Sukhumvit 22,13.731869,100.564994
iCheck Inn Residence Sukhumvit Soi 2,13.737573,100.5520393
The Bazaar Hotel,13.804786,100.5745138
Veronica Residence,13.7923734,100.5740071
Qiu Hotel Sukhumvit 79,13.7072646,100.6012539
Asoke Residence Sukhumvit by UHG,13.74657,100.561718
All Together Suite,13.7730332,100.5819643
Popcorn Ratchada House,13.768799,100.57442
CK2 HOTEL,13.7845792,100.5637695
Le Bangkok Hotel,13.7084518,100.6193189
Abloom Exclusive Serviced Apartments,13.773409,100.5410663
Miracle Grand Convention Hotel,13.876548,100.575781
The Raweekanlaya Bangkok (ระวีกัลยา),13.767797,100.505057
Metropole Bangkok,13.744195,100.585691
Urbana Langsuan,13.7395088,100.5435228
Siri Sathorn Hotel,13.725508,100.538587
Jasmine Resort Hotel,13.7157426,100.5909668
The Duchess Hotel and Residences,13.738554,100.543089
Al Meroz Hotel Bangkok,13.7460879,100.6037509
AETAS residence,13.7379892,100.5492052
Dream Hotel,13.740581,100.5587
Summit Windmill Golf Residence,13.655667,100.704964
Radisson Suites Bangkok Sukhumvit,13.7440548,100.5576894
Executive Club at Windsor,13.7332641,100.563608
AETAS lumpini,13.724812,100.547257
Well Hotel Bangkok Sukhumvit 20,13.7329714,100.5637938
LiT BANGKOK Residence,13.7479951,100.5295198
S31 Sukhumvit Hotel,13.7332594,100.5660123
Best Western Amaranth Suvarnabhumi,13.6470284,100.7148457
Anantara Sathorn Bangkok Hotel,13.7163463,100.5315898
Grand Mercure Bangkok Asoke Residence,13.741667,100.560834
The Grand Fourwings Convention Hotel,13.7541416,100.6461442
AETAS Bangkok,13.738009,100.549256
Maduzi Hotel,13.7340334,100.5607621
Fraser Suites Sukhumvit,13.7457016,100.5563848
Mövenpick Hotel Sukhumvit 15 Bangkok,13.7425223,100.5584466
Ramada Plaza by Wyndham Bangkok Menam Riverside,13.7080078,100.5056709
The Sukosol Bangkok,13.7579776,100.5362369
Pathumwan Princess Hotel,13.7433574,100.5296122
Amari Watergate Bangkok,13.7508553,100.540066
Grande Centre Point Ploenchit,13.7423364,100.5471061
Prince Suites Residence,13.7541659,100.5142034
Baan2459 Heritage Boutique Hotel,13.738962,100.510679
Pullman Bangkok Hotel G,13.7258512,100.5259325
Millennium Hilton Bangkok,13.728442,100.5095102
The Continent Hotel Bangkok by Compass Hospitality,13.7361953,100.5619664
Royal Orchid Sheraton Hotel & Towers,13.729053,100.513574
The Berkeley Hotel Pratunam,13.7500014,100.5428021
Radisson Blu Plaza Bangkok,13.7349212,100.5637468
Pullman Bangkok King Power,13.75893,100.537434
Cape House Hotel,13.740996,100.543535
Lancaster Bangkok,13.7487355,100.5673498
Hua Chang Heritage Hotel,13.7487888,100.5307151
Hotel Swissôtel Bangkok Ratchada,13.7766233,100.5741524
VIE Hotel Bangkok MGallery By Sofitel,13.7506176,100.5316564
Chatrium Hotel Riverside Bangkok,13.7110483,100.509312
Compass SkyView Hotel Sukhumvit 24,13.7293294,100.5689321
Eastin Grand Hotel Sathorn,13.7187414,100.5219157
Grande Centre Point Ratchadamri,13.7417436,100.5410515
The Landmark Bangkok,13.7412418,100.5538514
Centara Grand at CentralWorld,13.747717,100.538747
U Sathorn Bangkok,13.7187294,100.5463383
Pullman Bangkok Grande Sukhumvit,13.738938,100.562082
akyra Thonglor Bangkok,13.730718,100.581781
The Salil Hotel Sukhumvit 57 - Thonglor,13.7248507,100.5802581
lebua at State Tower,13.7212458,100.517141
Crowne Plaza Bangkok Lumpini Park,13.729777,100.53512
Avani+ Riverside Bangkok Hotel,13.7050102,100.4914324
Hotel Muse Bangkok Langsuan MGallery Collection,13.7402188,100.5435316
Emporium Suites by Chatrium,13.7304806,100.5684461
Wilding Golf Performance Centers - RATCHADAMRI,13.738697,100.541414
Anantara Riverside Bangkok Resort,13.7044605,100.4919712
Sivatel Bangkok,13.7445344,100.5478332
Hansar Hotel Bangkok,13.7402975,100.5409877
137 Pillars Suites & Residences Bangkok,13.737521,100.572373
Bangkok Marriott Hotel The Surawongse,13.727271,100.5222736
Oriental Residence Bangkok,13.7382776,100.5462783
"Mayfair, Bangkok - Marriott Executive Apartments",13.7387028,100.5424401
"Shangri-La Hotel, Bangkok",13.719469,100.5136318
Tower Club at lebua,13.721747,100.5169565
Sofitel Bangkok Sukhumvit,13.7391757,100.5578256
Anantara Siam Bangkok Hotel,13.7409209,100.5402006
SO Sofitel Bangkok,13.7262225,100.5431806
Grand Hyatt Erawan Bangkok,13.7435228,100.5404889
Renaissance Bangkok Ratchaprasong Hotel,13.742293,100.5418338
The Sukhothai Bangkok,13.7230609,100.5408408
COMO Metropolitan Bangkok,13.723418,100.53945
JW Marriott Hotel Bangkok,13.7413436,100.5526755
Banyan Tree Bangkok,13.7237091,100.539713
Bangkok Marriott Hotel Sukhumvit,13.7233482,100.5804666
Conrad Bangkok,13.7384195,100.5481376
"Sheraton Grande Sukhumvit, a Luxury Collection Hotel, Bangkok",13.7375595,100.5590345
The Okura Prestige Bangkok,13.7429457,100.5476514
"The Westin Grande Sukhumvit, Bangkok",13.7380824,100.5594921
InterContinental Bangkok,13.7449914,100.5414575
W Bangkok,13.722029,100.5289069
The Peninsula Bangkok,13.723022,100.511405
Siam Kempinski Hotel Bangkok,13.7484255,100.5347561
The St. Regis Bangkok,13.739923,100.540184
Park Hyatt Bangkok,13.743844,100.5471177
Chakrabongse Villas,13.743679,100.493124
The Siam Hotel,13.781348,100.50574
"Mandarin Oriental, Bangkok",13.7239926,100.5142411
Ploykhumthong Boutique Resort,13.716754,100.7641792
The Wind Holiday,13.6521054,100.615041
Sinsuvarn Airport Suite Hotel,13.7204283,100.7371744
Tubtim Siam Suvarnabhumi Hotel,13.621824,100.762876
The Riche boutique,13.8697497,100.5592655
The MEET Green Apartment,13.843892,100.645537
Paradise Sukhumvit,13.7297173,100.5950683
Viva Residence,13.8445644,100.6636352
Miracle Suvarnabhumi Airport Hotel,13.6768185,100.7255057
Nava Grand,13.9805516,100.6364682
Adriatic Palace Hotel,13.7489938,100.5490422
Sarasinee All Suite Boutique Hotel,13.7211033,100.5064773
Metro Resort Pratunam,13.7521363,100.5354181
K Residence Suvarnabhumi (Kresairport),13.7954668,100.7423584
The Bangkok Airport Link Suite,13.751868,100.545574
Escape @ Sathorn Terrace,13.7185934,100.516386
Aunchaleena Hotel,13.7630846,100.624434
Ratchadamnoen Residence,13.7571705,100.5028289
Bangkok Living Apartment,13.7917591,100.5367909
TK Palace & Convention,13.8922918,100.561805
Grand Inn Come Hotel,13.69,100.72935
Mii Hotel Srinakarin,13.6930217,100.6448872
Villa Baron Hotel,13.9100119,100.5018115
Dheva Residence Suites,13.7447057,100.5842475
Sivalai Place,13.7427624,100.4770174
United Residence,13.736274,100.588814
Tongtara Riverview,13.6990413,100.5000316
Asia Airport Hotel,13.961791,100.622907
Suvarnabhumi Suite Hotel โรงแรม สุวรรณภูมิ สวีท,13.72299,100.774471
At Residence Suvarnabhumi,13.7213096,100.733187
The Color Living,13.624927,100.6299655
Alt Hotel Nana by UHG,13.7350531,100.5521408
Town in Town Hotel,13.773274,100.608351
Yellow Ribbon Hills Executive Mansion,13.7201726,100.5324196
Omni Tower Sukhumvit Nana by Compass Hospitality,13.73754,100.553205
Vic3 Bangkok.,13.7743217,100.5420411
M2 de Bangkok Hotel,13.789487,100.562034
H-Five,13.6232337,100.7644667
Maple Hotel,13.6683746,100.6466513
The Xtreme Hotel,13.752047,100.634255
Cinnamon Residence,13.8409012,100.5622682
Bangkok Palace Hotel,13.752914,100.547398
Ma Hotel,13.725926,100.518076
101 Holiday Suite,13.7856093,100.6301751
Bangkok Centre Hotel,13.7369731,100.516787
Pak Ping Ing Tang Boutique Hotel,13.858884,100.5325674
Montara Serviced Apartment,13.7402821,100.5806789
The Twin Towers Hotel,13.7458435,100.5196246
klapsons The River Residences Bangkok,13.7213307,100.5101254
Eastin Hotel Makkasan Bangkok,13.753204,100.5464653
Chaophya Park Hotel Ratchada,13.7959351,100.5733735
The Royal City Hotel,13.78385,100.472852
Mida Hotel Don Mueang Airport,13.8892083,100.5785948
"Silom Serene, a Boutique Hotel",13.7264781,100.5310059
iSanook Bangkok,13.732499,100.521878
Mido Hotel,13.790581,100.5426874
Trinity Silom Hotel,13.724598,100.5308438
iCheck inn Sukhumvit 19,13.7390538,100.5594304
Le Tada Parkview Hotel & Residence,13.7614116,100.5399842
Theatre Residence,13.7536969,100.4860907
Astera Sathorn Hotel,13.717607,100.516484
Skyy Hotel,13.7464245,100.5516739
Grand Howard Hotel,13.7020315,100.5160195
President Park,13.7211299,100.5654994
Rama Gardens Hotel Bangkok,13.8604596,100.5715867
Admiral Suites Bangkok,13.729056,100.565055
Aspen Suites Hotel Sukhumvit 2 Bangkok by Compass Hospitality,13.7378664,100.55206
The Grand Sathorn,13.7189036,100.517602
Grand China Hotel Bangkok,13.7426971,100.5069981
FuramaXclusive Sukhumvit,13.7461294,100.5513246
D Varee Diva Bally Sukhumvit Hotel,13.728814,100.564062
Hotel Solo Sukhumvit Soi 2,13.737786,100.55203
SSIP,13.7700618,100.5053666
Maleewana Hotel & Resort,13.8073022,100.4492976
Riverfront Residence,13.6720249,100.5434887
The Capital Sukhumvit 30/1,13.7265381,100.5734275
I-Residence Hotel Silom,13.7236158,100.5298276
Citrus Sukhumvit 11 by Compass Hospitality,13.7455968,100.5555377
Asia Hotel Bangkok,13.7513821,100.5311441
Galleria 10 Bangkok Hotel By Compass Hospitality,13.7366862,100.5571626
Prime Hotel Central Station Bangkok,13.7373916,100.5153067
Citrus 13 Bangkok by Compass Hospitality,13.743006,100.557893
Amora NeoLuxe Hotel,13.734022,100.566366
The Royal River Hotel,13.7833745,100.501315
Hotel Siam Heritage,13.7294685,100.5304492
Marvel Hotel Bangkok,13.7297756,100.5647972
Citadines Sukhumvit 8 Bangkok,13.735658,100.5561904
BEST WESTERN PLUS Wanda Grand,13.9038346,100.5308528
Modena by Fraser Bangkok,13.7209754,100.5595746
FuramaXclusive Sathorn,13.7238537,100.5310331
Arize Hotel Sukhumvit,13.7286972,100.570283
Hotel Mermaid Bangkok,13.7345352,100.5652727
Prince Palace Hotel,13.7541543,100.5160293
"Beyond Suite Hotel , โรงแรมบียอนด์ สวีท บางพลัด",13.7954016,100.5067319
Vince Hotel Bangkok Pratunam,13.7543059,100.5356217
Viva Garden Serviced Residence,13.6984534,100.604404
X2 Vibe Bangkok Sukhumvit Hotel โรงแรมครอสทูไวบ์กรุงเทพสุขุมวิท,13.704112,100.599184
Le Siam Hotel,13.7269108,100.5337982
Bangna Pride Hotel and Residence,13.6598157,100.6625611
Royal Benja Hotel,13.7450715,100.5549418
SilQ Bangkok Hotel,13.739714,100.560322
Salil Hotel Sukhumvit 11,13.743214,100.556547
Hotel Royal Bangkok Chinatown,13.740443,100.509906
K Maison Boutique Hotel,13.7587285,100.541231
Mercure Bangkok Makkasan,13.7513442,100.5572696
Kingston Suites,13.7412827,100.5585223
Haven't Met Hotel Silom,13.7241916,100.5294483
The Four Wings Hotel,13.724659,100.569091
Ambassador Hotel Bangkok,13.7418139,100.5568451
Rembrandt Towers Serviced Apartments,13.7320682,100.5633632
GM Service Apartment,13.7290868,100.5643067
Nouvo City Hotel - โรงแรมนูโว ซิตี,13.7626037,100.4992435
Tawana Bangkok,13.729567,100.529934
LUXX Langsuan (Bangkok),13.7360703,100.5424906
Royal President Bangkok,13.741516,100.558547
Best Western Plus At 20 Sukhumvit,13.7320271,100.5640529
BelAire Bangkok,13.744174,100.554605
Bangkok Interplace,13.7534213,100.6223071
Indra Regent Hotel,13.7530429,100.541391
At Ease,13.7263505,100.5404987
Citadines Sukhumvit 23 Bangkok,13.7396256,100.5630906
Citadines Sukhumvit 11 Bangkok,13.7439329,100.5567854
Windsor Suites Hotel Bangkok,13.7332553,100.5637169
Golden Tulip Mandison Suites,13.7293734,100.5637937
Chateau de Bangkok,13.7392039,100.5493031
Ariston Hotel Bangkok,13.7277114,100.5689513
Rent V38,13.831718,100.559206
Grand President Hotel,13.7429308,100.5567797
Novotel Bangkok Fenix Silom,13.723022,100.518481
Zensation The Residence เซนเซชั่น เดอะ เรสซิเด้นซ์,13.71399,100.5277689
Grand Diamond Suites Hotel,13.750505,100.538513
The Silver Palm Rama 9 - Bangkok,13.739788,100.6477151
โรงแรมริชมอนด์,13.8615486,100.5065934
Centre Point Hotel Sukhumvit 10,13.7350087,100.5572648
ปิยะทิพย์ เพลส,13.7341099,100.5746251
Hyatt Place Bangkok Sukhumvit,13.7278266,100.5683069
Baiyoke Sky Hotel,13.7543452,100.5402098
Bandara Suites Silom,13.7258719,100.5382999
Novotel Bangkok Impact,13.9153511,100.5483945
Shanghai Mansion Bangkok,13.7397867,100.5112472
U Sukhumvit Bangkok,13.7452478,100.5586182
39 Boulevard Executive Residence,13.7373942,100.5698562
Legacy Suites Hotel Sukhumvit by Compass Hospitality,13.7349236,100.5654675
GM Suites,13.7466893,100.5536192
Arcadia Residences,13.7406468,100.5500795
S15 Sukhumvit Hotel,13.738765,100.55831
Ad Lib Bangkok,13.7452529,100.5522899
Column Bangkok Hotel,13.7330925,100.5607913
Mercure Bangkok Sukhumvit 11,13.7432155,100.5566996
Aloft Bangkok Sukhumvit 11,13.7443229,100.5565681
Dusit Princess Srinakarin Hotel,13.6971293,100.6478685
Siamese Gioia,13.742971,100.570997
Rongratana Executive Residence,13.7384575,100.5426049
Sala Arun,13.745064,100.490921
Best Western Premier Sukhumvit,13.746725,100.5518
Aurum The River Place,13.7437616,100.4922454
Grand Asoke Residence Sukhumvit,13.7415948,100.5614957
Thonglor 21 Residence by bliston,13.7371076,100.5821946
Hotel Novotel Bangkok Ploenchit Sukhumvit,13.7427154,100.5497883
Jasmine City Hotel,13.7358905,100.5630085
Quad Suites Silom,13.7239928,100.5303858
Centara Watergate Pavillion Hotel Bangkok,13.751408,100.5420722
Amanta Hotel & Residence Ratchada,13.7652201,100.5678925
Mode Sathorn Hotel Bangkok,13.719638,100.521717
Centre Point Sukhumvit Thong Lo,13.731449,100.582095
Courtyard by Marriott Bangkok,13.7409561,100.5417721
Baan Nai,13.7797138,100.5305618
Oakwood Residence Sukhumvit 24 Bangkok,13.7280436,100.5692094
Adelphi Grande Sukhumvit Bangkok,13.7315335,100.572561
Mercure Bangkok Siam,13.746724,100.528938
Grand Mercure Bangkok Fortune,13.7567542,100.5647143
Riva Arun Bangkok,13.7442296,100.491892
Novotel Bangkok Sukhumvit 20,13.7315751,100.5643932
Novotel Bangkok On Siam Square,13.7443075,100.5347275
Siam@Siam Design Hotel Bangkok,13.7470915,100.5270614
"Sukhumvit Park, Bangkok - Marriott Executive Apartments",13.7243978,100.5667285
Amara Bangkok,13.728782,100.52735
GLOW Pratunam,13.7511995,100.5382425
DoubleTree by Hilton Hotel Sukhumvit Bangkok,13.7279688,100.5702162
Holiday Inn Bangkok Sukhumvit,13.732952,100.565457
Adelphi Suites Bangkok,13.738969,100.5557719
Hilton Sukhumvit Bangkok,13.7285635,100.5690568
Arun Residence,13.7447226,100.491354
iChapter Hotel Suvarnabhumi,13.6214144,100.7555005
Riva Surya Bangkok,13.762009,100.493069
Praya Palazzo Boutique Hotel Bangkok,13.766069,100.4935004
Hotel Indigo Bangkok Wireless Road,13.740058,100.547339
sala rattanakosin Bangkok,13.7453303,100.4909169
"Sathorn Vista, Bangkok - Marriott Executive Apartments",13.72313,100.5371
Conrad Bangkok Residences,13.7384232,100.5480862
Ammata Lanta Resort,13.7164321,100.7417841
The Eugenia,13.7410179,100.5936365
"Marriott Executive Apartments Bangkok, Sukhumvit Thonglor",13.7236101,100.5806597
The Narathiwas Hotel & Residence Sathorn Bangkok,13.6995638,100.5372422
Novotel Bangkok Suvarnabhumi Airport,13.6961898,100.751689
AriyasomVilla,13.7479224,100.5516216
Oaks Bangkok Sathorn,13.7169516,100.5325062
Nacorn Hostel,13.76048,100.501458
The Oasis Hotel,13.7797143,100.5810625
Hide Bangkok,13.7064697,100.5963537
Glur Bangkok,13.7194664,100.514173
Yaya Guesthouse,13.726001,100.520891
Matchbox Bangkok Hostel,13.734371,100.56768
Ladda Place,13.782776,100.6252466
ZEN Rooms D-well Residence Don Muang,13.912224,100.58914
Trica Hostel & Cafe,13.7106572,100.6029793
Click Hostel,13.7342448,100.5679427
2Bedtel,13.74143,100.6192233
Baan Khun Nine Hostel Wangdoem,13.7411216,100.483472
Donmuang Airport Guesthouse,13.9127664,100.5544455
PN Home Service,13.7537417,100.7894775
White Home Residence,13.817392,100.6596648
Wild Orchid Villa,13.761983,100.494094
The Canal Hotel,13.8097477,100.7244848
Nest Boutique Resort,13.7274456,100.735609
Grand Pinnacle Suvarnabhum,13.722313,100.771611
Refill Now,13.7349362,100.6007737
Airy Resort,13.7271577,100.7356363
Sandy Servised apartment,13.872038,100.556488
Sleepbox Sukhumvit 22,13.7257284,100.5645795
Sleep Hotel Bangkok โรงแรมสลีพ แบงค็อก,13.7812624,100.5917825
SP Residence,13.7208029,100.7974017
Pawana Mansion,13.801965,100.5845766
Lub d Bangkok Siam Hostel,13.7468712,100.52869
Siam Place Airport Suvaranbhumi สยามเพลส แอร์พอร์ต,13.720017,100.716609
Floral Shire Resort (Suvarnabhumi Airport),13.7171456,100.7650273
14 Mansion,13.6822607,100.4750096
Casa Narinya,13.7091311,100.733439
Leelawadee Modern Resort,13.7797359,100.5712012
48 Ville,13.8844914,100.6064663
Check-in My Hostel,13.750282,100.528173
New Road Guest House,13.7257229,100.5159855
Tuscany Avenue,13.820428,100.56892
Great Residence Hotel,13.716845,100.775874
Metro Pratunam Boutique Hotel,13.750614,100.546617
Thongtha RESIDENCE,13.7040435,100.7345313
Aspira Sukhumvit,13.7410666,100.555742
Bunny Burrow Hostel,13.7320444,100.5145279
Tara Lake,13.7873795,100.7046123
Warm White Hostel,13.7616364,100.4976296
NRC Residence,13.722991,100.7159015
(Dwella Suvarnabhumi Hotel),13.7116186,100.7349159
Sri Krungthep Hotel,13.7539215,100.5023869
Baan Mi-na,13.833132,100.559694
d HOSTEL BANGKOK,13.754682,100.497788
The Ivory Bangkok Suvarnabhumi,13.722027,100.729919
Convenient Resort Bangkok Suvarnabhumi Airport,13.7192017,100.7561829
Nature Boutique Hotel,13.8321948,100.5594219
Thai Cozy House Hotel,13.7601476,100.498535
Gems Park,13.8833289,100.6001209
AREA 69 Don Muang Airport Maison,13.8883621,100.602127
Thong Ta Resort Suvarnabhumi Airport Hotel,13.7197952,100.7759116
Panini Residence,13.7204913,100.7565836
Bed Box Khaosan Hostel,13.7606498,100.4989079
Pannapat Place พรรณภัทร อพาร์ทเมนท์,13.8318688,100.5669839
Sunny Residence,13.7269252,100.735635
Regent Suvarnabhumi Hotel,13.720345,100.730267
Tara Garden,13.7949539,100.7087235
The Journey Hotel Laksi - โรงแรม เดอะ เจอร์นีย์ โฮเทล หลักสี่,13.870689,100.558714
The XP,13.7211992,100.590533
Sweet Loft,13.9293113,100.584297
Khaosan Holiday,13.758642,100.4972
Suphan Lake Hometel,13.7621111,100.731473
Sleeplab Hostel,13.7562175,100.5336695
Very Thai House Hotel,13.7622615,100.4971976
V Varee Bangkok,13.7651683,100.4959871
Justbeds,13.7254855,100.5181355
VR Hostel Saphankwai,13.7948136,100.5493973
The Sleepless Apartment,13.8185699,100.5112291
Business Inn At Sukhumvit 11 By Hjz,13.7403551,100.5565713
13 Coins Airport Hotel Ngam Wong Wan (Domestic),13.8508812,100.5352439
The Plubpla Serviced Apartment,13.772501,100.628287
P- Park Residence – Charansanitwong (Rama 7),13.8059883,100.5112704
B8 RooMs,13.8706152,100.5936065
Lee Garden Bangkok ลีการ์เด้น แบงคอค,13.710355,100.610115
13 Coins Airport Grand Resort,13.7470923,100.635504
Methvanont Manor,13.704488,100.5943028
99hotel,13.861186,100.509957
14th Place,13.6733854,100.4549094
14 LIVING,13.6817789,100.4730715
Silom Village Inn,13.724333,100.521932
Convenient grand hotel,13.697506,100.787544
Pool Villa @ Donmueang,13.8990447,100.5858285
The plimplace 2 (Hotel),13.8248973,100.5687562
BS Residence Suvarnabhumi,13.7202592,100.7393825
iDeer Hostel,13.722392,100.536283
Ricco suvarnabhumi,13.7462061,100.6749093
The Bangkok Major Suite,13.831173,100.5721165
Rikka Inn,13.7585162,100.4984241
Delight Residence,13.8903971,100.5615031
Oun Hotel Bangkok อุ่น โฮเทล,13.814405,100.6239645
โรงแรม เอสสามศูนย์ สุขุมวิท,13.7271345,100.5726685
New Suanmali hotel,13.7512611,100.5099855
Dreamcatcher Bangkok,13.726236,100.531378
Laksameenarai Guesthouse,13.7587018,100.4958925
"Yasinee CO., LTD.",13.7429425,100.6193558
The State Apartment,13.8056176,100.5299352
Oasis Inn Bangkok,13.745158,100.552432
Makkasan Inn,13.75303,100.54555
Baan Tipa House Wanglang,13.7545451,100.4861766
Jumbotel Hotel,13.8931346,100.5619567
Ban Boonbhali Hotel&Resort,13.841528,100.61917
Royal Asia Lodge,13.7349922,100.5559865
Hostel Na Nara,13.724471,100.52859
Riski Residence,13.8540539,100.534929
Kaloang Home,13.7734067,100.5014183
Don Mueang International Airport,13.9132602,100.6041987
Howard Square Boutique,13.6963011,100.5130678
We-Train Hotel Donmuang,13.9387495,100.5842684
14 residence,13.6482636,100.5228424
Suda Palace Hotel,13.7891887,100.5507307
Siamaze Hostel,13.7862978,100.5702574
Muangphol Mansion,13.746836,100.529376
Yaks House Hostel ยักษ์ เฮ้าส์ โฮสเทล,13.7676638,100.4853352
Gold Airport Suites,13.7188806,100.764061
Klean Residence Hotel,13.7199464,100.4958315
P Park Residence Suvarnabhumi,13.7369578,100.6429127
Centric Place Hotel,13.7579515,100.5642397
Thomson Hotel Huamark,13.753689,100.608384
ZEN Hostel Ratchatewi,13.7527563,100.5262163
Cozy Villa Hotel,13.7556192,100.5406425
ZEN Rooms Phaholyothin 69,13.887815,100.603064
โกมลเรสซิเดนซ์ กรุงเทพ Komol Residence Bangkok,13.78631,100.471642
Greenview Ekkamai 10,13.7257129,100.5905646
Poohsen,13.6207086,100.6297264
Tani,13.7607479,100.4981737
ZEN Rooms Silom Soi 17,13.7238144,100.521991
Chetuphon Gate,13.7449825,100.491885
THE PATRA HOTEL - RAMA9,13.7464436,100.6085675
Atsathon Apartment,13.7193134,100.5346756
BS Premier Airport,13.720115,100.739376
The Fifth Residence,13.750559,100.520167
OYO 108 Ruamchitt Plaza Hotel,13.7390565,100.5579901
Anda Hotel,13.76201,100.637768
Pitikant Place,13.9651778,100.6177279
ZEN Rooms Ladprao Soi 23,13.8055678,100.5752052
The Prima Residence,13.9129434,100.5930181
Coco@20,13.7338091,100.5635136
L'Hotel Bangkok / โรงแรม แอลโฮเทล กรุงเทพ,13.725128,100.6568988
Rafael Hotel and Mansion,13.6925194,100.7253258
Parvena Hotel,13.7177689,100.5390798
Marigold Hotel Sukhumvit,13.6517663,100.6000279
Sabai-Sabai at Sukhumvit Hotel,13.7323173,100.5985427
Euro Luxury Pavillion Hotel,13.7537055,100.539806
At One Inn - @ one inn Hotel,13.7377677,100.5200516
บ้านอิงน้ำรังสิต,13.9851733,100.6249018
The Cozi Inn,13.7540513,100.5398581
DI Place,13.7400567,100.5532681
The Bang Khun Phrom Suite,13.7646117,100.5003024
Suites 31 Sukhumvit,13.7343347,100.5661158
Leesort @ Onnuch,13.7101975,100.615089
Marvin Suites,13.7184514,100.5266749
KC PLACE Srinakarin,13.693467,100.646366
The Kaze 34 Hotel and Serviced Residence,13.723699,100.572271
Pratunam City Inn Hotel,13.7506902,100.5458678
RetrOasis Hotel,13.7340787,100.5648183
Cubic Pratunam,13.7545916,100.5360635
Grand Tower Inn,13.720862,100.5074219
Top High Airport Link Hotel,13.7558279,100.5364543
Vacio Suite,13.73062,100.560897
Centaur Inn Hotel,13.726126,100.517016
GUYASUKA Bangna,13.6604333,100.6121294
Bed-room @ Suvarnabhumi Airport,13.695207,100.787945
Wachi Hostel,13.7201006,100.4857099
O'Nidra House,13.726763,100.521072
Sananwan Palace ( สนานวรรณ พาเลซ),13.604206,100.715176
Murraya Residence,13.811234,100.6036329
New Siam 2 Guest House,13.7615654,100.4931743
GLUR CENTRAL PRATUNAM HOSTEL,13.7520255,100.5361393
วิวเพลส แมนชั่น ลาดพร้าว 130 Viewplace Mansion,13.7714021,100.6322676
Bharani Hostel ภรณีโฮสเทล,13.7383427,100.5637833
Four Sons Village,13.761339,100.493977
YHA Bangkok Airport,13.6982064,100.7348371
Kamin Bird Hostel 1,13.7728472,100.571845
SidaRe Bed and Breakfast,13.7875609,100.5753082
Thanapa Mansion,13.8856261,100.6078155
T3 Residence,13.807781,100.6090737
Penpark Place เพ็ญภาค เพลส,13.765532,100.497618
1989 Sukhumvit Hostel & Cafe,13.7293089,100.5652042
The Chilli Bangkok,13.7311305,100.5166596
Thai Cat Hostel,13.7544337,100.5422414
Sathorn Saint View Serviced Apartments,13.7160866,100.5233731
Urban Hostel Bangkok,13.732795,100.519103
Rama9 KAMIN BIRD Hostel,13.7628887,100.563436
U-SA-BY House,13.9118531,100.5226031
Mile Map Hostel,13.723866,100.523141
The Garden Place,13.7316281,100.5806074
Sakun Place,13.640625,100.63561
Siam Plug in Hostel,13.7195666,100.5065183
BRB Hostel Bangkok Silom,13.726641,100.53102
The Mix Bangkok Phrom Phong,13.7215645,100.5648705
Grand Living Place.,13.7899437,100.5785924
SamSenSam Place,13.7655275,100.4983609
@home Phetkasem แอ้ดโฮม เพชรเกษม57,13.7073243,100.3925015
Phurahong Homestay,13.884057,100.624063
Sawasdee House,13.7609952,100.4963955
โรงแรมวอเตอร์ไซด์ Waterside Boutique Hotel,13.7765559,100.4711558
Mellow Fellow Hostel Bangkok,13.7513445,100.5285431
YINDEE HOSTEL,13.7269593,100.5260172
Fulllax Guesthouse,13.6806064,100.6093728
Chan Cha La 99 Hostel,13.696226,100.606556
Synsiri 3 Lad Prao 83,13.7863495,100.6135547
บ้าน บุญอนันต์ อพาร์ตเม้นท์,13.9710105,100.6215058
Decor Do Hostel,13.721218,100.5077188
Wake up hostel bangkok,13.7731156,100.571754
Bed Bangkok Hostel,13.7442548,100.5510377
Oldtown Hostel,13.730911,100.515475
Sleep Dee Hostel,13.7120423,100.5937791
Smile Society,13.7278218,100.5305643
Wanderlust Bangkok Hostel,13.7183138,100.7625062
Zee Thai Hostel,13.763652,100.5032065
3Howw Hostel,13.762731,100.5016636
Tiger Lily Hostel (ไทเกอร์ ลิลลี่ โฮสเทล),13.7488075,100.515792
HappyLand Mansion,13.782128,100.64378
Nine Place 81,13.7058615,100.6060589
BB House Rambutri,13.7601057,100.4940036
Din Space Bangkok,13.7205166,100.4955254
Backpack Station,13.714524,100.595834
Green House Hotel,13.7599468,100.4971183
Loftel Station Hostel,13.7367719,100.5187067
petit hotel guest house hostel bangkok,13.7255386,100.5103953
Nivas Siam Hostel,13.7275983,100.4899753
Rest Inn Dormitory,13.7611954,100.497114
Yorying Hostel,13.7635593,100.5000929
T Hostel Rama 4,13.721137,100.561516
I Sleep Silom,13.726162,100.525421
Lovely House Silom,13.7269303,100.5379717
Naratel Hostel Bangkok,13.7276033,100.5267447
Beige poshtels,13.9119682,100.5715805
Hoppers Place Donmueang Hostel,13.915068,100.585882
Eurna Resort,13.6494877,100.4452895
Hits Hostel,13.761024,100.498156
1Sabai Hostel,13.7396727,100.5654298
Good Day Hostel,13.7520639,100.5369598
Unico Hostel Bangkok @ Sukhumvit 101,13.6907263,100.6153736
Live It Up Asok,13.735612,100.561999
Grandpa's Hostel Bangkok,13.766762,100.484353
Kama Bangkok,13.702796,100.513714
analog hostel,13.7345317,100.5660531
The Pillow Hostel Khaosan,13.7589904,100.4981959
Mascot Hostel,13.7535066,100.5434259
Roof View Place,13.763354,100.502049
HANU Hostel & Sky Bar,13.7563284,100.4980846
Saverah Inn,13.7276511,100.5213212
The Twins Hostel,13.7632268,100.5000342
The Cube Hostel,13.7277655,100.5364564
2W Bed & Breakfast Bangkok,13.7387164,100.5146016
Siamhubbiz,13.7920967,100.5511883
Buff hostel,13.789401,100.548631
Silom Art Hostel,13.7261613,100.5249754
Nitan Hostel Khaosan,13.7583443,100.4978251
T-Boutique Hostel (Hua Lamphong),13.738288,100.520589
Adventure Hostel Bangkok,13.793437,100.549389
HQ Hostel,13.7267676,100.5309798
GN Luxury Hostel,13.7574474,100.5423558
Samsen 8 Rooftop Cafe & Hostel,13.7652881,100.5001365
Smile Inn,13.7546541,100.510505
Micro Hostel,13.753318,100.537273
Welcome Sawasdee Inn,13.759628,100.497976
Bangkok Hub Hostel,13.717636,100.514759
Phohostel,13.7450959,100.4914163
White Orchid Inn 2,13.740085,100.5532275
Yor Yak Hostel,13.7207445,100.496137
The Nexchange Bangkok Hostel,13.7618216,100.5657339
Mueang Mueang Inn hostel,13.71524,100.5937463
ON THE BED hostel,13.744268,100.5509
OUR SECRET BASE,13.7390376,100.5132853
ซีเคแมนชั่น,13.855122,100.518164
Lazy Blue House,13.7295988,100.5608926
Home Mali Hostel,13.75391,100.530492
Blue Jasmine Hostel (บลู จัสมิน โฮสเทล),13.747837,100.516427
Green home Hostel,13.7519919,100.5359725
Loftel 22 Hostel,13.7332179,100.5143266
ZEN Rooms Damrongrak Road,13.7546612,100.5104943
Tini Kati Hostel (Silom Bird House),13.7266919,100.5311915
Nice Bird Suite,13.8623468,100.5514294
Bangkok Bed and Bike,13.747408,100.497438
My Bed Ratchada,13.8055921,100.5751994
Kinnon Hostel,13.728338,100.5297775
PanPan Hostel,13.7230857,100.523027
Live It Up Central,13.74185,100.544481
Bed@Town,13.7485663,100.5413224
Jellybean EZY Hostel Sathorn,13.7240898,100.5482266
Inn Stations Hostel,13.7381448,100.5190551
S1 Hostel,13.721083,100.546102
Baan 89 Hostel,13.755212,100.502884
Oneday Hostel,13.7266014,100.5702598
Everyday Bangkok Hostel,13.731991,100.526871
Restiny Hostel,13.754454,100.532256
Natee Hostel,13.7533859,100.5371616
X9Hostel,13.7546188,100.5662072
Ploen Bangkok Hostel,13.760584,100.497704
Monomer Hostel Bangkok,13.7528381,100.5312402
Baan Gaysorn Hostel,13.718894,100.514984
PAMAhouse Boutique Hostel,13.7104966,100.4981339
Boon Street Hostel,13.7544692,100.4983687
Thonglor Travellers Hostel and Cafe,13.7240501,100.5791852
Chic Hostel,13.7377596,100.5154241
Naturbliss Boutique Residence,13.844144,100.652607
T Hostel Victory Monument,13.7672379,100.5398825
HEYYYY BANGKOK,13.7359932,100.6394542
minimis hostel,13.7310266,100.5325215
ZZZ Hostel,13.9240522,100.598286
Silom Space Hostel,13.7291554,100.535414
Full House Khaosan Hostel,13.7613933,100.4991498
M House Hostel,13.7539792,100.5301304
NTY Hostel Near Suvarnabhumi Airport,13.7330296,100.6910246
Rimklong Hostel,13.7554088,100.5072055
A'hostel Bangkok,13.789408,100.546267
C40winks hostel,13.726314,100.531501
มุสลิมโฮม 2 Muslimhome2,13.760657,100.622246
Yim Yam Hostel & Garden,13.7531217,100.5325084
In A Box Hostel,13.7559133,100.5337031
VM1 Hostel,13.768913,100.5394587
Sakura Sky Residence Hotel,13.7347319,100.5675444
Preme Hostel,13.7353257,100.5634926
Fu House Hostel,13.7351949,100.5560013
Happy Monkey Hostel Bangkok,13.753386,100.537029
Folk Poshtel Silom,13.7231553,100.5205677
The Chatbox Silom Hostel,13.7278386,100.5266815
Phresh Hostel,13.7104314,100.6098912
ASA Hostel,13.743218,100.510607
BH Business Hotel,13.74685,100.55112
Pannee Residence At Dinsor,13.7577704,100.5022346
Room at Vipa,13.841548,100.559855
허니하우스 (Honey Guest House),13.73649,100.557424
HI YHA Thewet (Hostelling International วายเอชเอเทเวศร์),13.7690384,100.5068821
The Street Hostel Bangkok,13.760428,100.498029
Benjaratch Boutique Apartment,13.7960105,100.710807
Vijittada Hostel & Tour,13.7631962,100.4988631
Take A Rest Hotel,13.9116538,100.5936873
"The Seven Luck, Bangkok",13.7539082,100.5140325
DD Hostel @ Victory Monument Bangkok,13.763037,100.543582
D-HOUSE HOSTEL,13.9256884,100.5989008
New Siam III Guest House,13.7622212,100.4954785
Space One,13.7335966,100.5252912
โรงแรมบางกอกคอนโดเทล (Bangkok Condotel Hotel),13.790956,100.543326
amenity@22,13.7256415,100.5648622
TN39 Serviced Apartment,13.7361536,100.5746
Siam Star Hotel,13.7545793,100.5407948
Ban Thungdang Boutique Hotel,13.7555495,100.5011702
Adamaz House,13.7621844,100.4967757
Pongsakorn Boutique Resort,13.7187603,100.7891546
Maderla,13.720896,100.547141
TUB Mansion,13.906803,100.509737
Sudyod Apartment,13.775652,100.481053
At Smile House,13.755965,100.497959
Room@Doze,13.914851,100.539229
Diamond sweet hotel โรงแรมไดมอนด์ สวีท,13.7072598,100.4166495
Zenya Inn,13.7391234,100.5549483
S 6 Sukhumvit Hotel,13.739364,100.555436
SPN Place Ratchada,13.766791,100.5701073
Dream Town Pratunam Hotel,13.7549646,100.5354861
J Two S Pratunam Hotel,13.7552127,100.5384353
Poonchock Mansion,13.823974,100.563515
Paragon One Residence,13.757646,100.503005
Seri 47 Residence,13.783915,100.672283
iCheck inn Sukhumvit 22,13.721878,100.564518
Serene Asoke Suites,13.7373434,100.5617714
Naifun BB House,13.6580911,100.6180876
Coop Dopa Hostel,13.7735294,100.5098531
Studio Nana by iCheck inn,13.7405217,100.5566956
The Krungkasem Srikrung Hotel (โรงแรมกรุงเกษมศรีกรุง),13.738921,100.515272
Cacha Bed Heritage Hostel,13.7468696,100.5029992
Bangkok Travel Suites Hotel,13.8551739,100.5328094
The Mix Bangkok - Silom,13.7223009,100.5208001
Don Mueang Airport Modern Bangkok,13.9250156,100.6000488
12th Avenue Hotel Bangkok,13.7345505,100.5578375
Mandarin Hotel Bangkok,13.733129,100.527056
Eastin Thana City Golf Resort Bangkok,13.641022,100.7326122
Parinda Hotel,13.735741,100.5518522
Centre Point Hotel Pratunam,13.7519154,100.5372288
Admiral Premier Bangkok By Compass Hospitality,13.739233,100.56425
Salil Hotel Sukhumvit - Soi Thonglor 1,13.7274428,100.5786293
Dynasty Grande Hotel,13.7389435,100.5538763
Gold Orchid Bangkok,13.7918155,100.5608199
Citadines Sukhumvit 16 Bangkok,13.7335686,100.5608879
The Park Nine Suvarnabhumi,13.7229421,100.7238756
Sukhothai Residence,13.7386343,100.5489211
P.K.Garden Home,13.7571201,100.5076644
Seven Place Executive Residences,13.7324627,100.597589
"Zenith Sukhumvit Hotel, Bangkok",13.7449072,100.5531504
The Residence on Thonglor By Uhg,13.7394972,100.5842809
Casa Nithra Bangkok,13.7659218,100.5007447
Maven Bangkok Hotel,13.7475179,100.5715867
Amari Don Muang Airport Bangkok,13.9205787,100.6007649
The Vertical Suite (โรงแรมเดอะเวอร์ติเคิล สวีท),13.6905461,100.6468985
Holiday Inn Bangkok Silom,13.7227351,100.5195909
Amari Residences Bangkok,13.7481993,100.5849038
Centra by Centara Government Complex Hotel & Convention Centre Chaeng Watthana,13.8837325,100.5647211
Chillax Resort,13.762416,100.499945
Ariva Ivy Servizio Thonglor Serviced Apartment,13.7372476,100.5833249
Citrus Suites Sukhumvit 6 by Compass Hospitality,13.7389757,100.5535658
Arcadia Suites Phloenchit Sukhumvit Bangkok by Compass Hospitality,13.746418,100.54953
Benviar Tonson Residence,13.7381279,100.5442183
Golden Tulip Sovereign Rama 9,13.753494,100.5721909
Arte Hotel,13.7401589,100.5595177
Evergreen Place Siam by UHG,13.7507457,100.5306507
Grand Swiss Sukhumvit 11 Hotel Bangkok by Compass Hospitality,13.740865,100.5565856
Phachara Suites Sukhumvit,13.739306,100.553729
Kantary House Bangkok Hotel & Serviced Apartments,13.7608544,100.6396643
Bliston Suwan Park View Hotel & Serviced Residence,13.742094,100.545348
QiSS Residence by Bliston,13.714117,100.586721
Oakwood Residence Sukhumvit Thonglor Bangkok,13.734705,100.580767
Boulevard Hotel Bangkok Sukhumvit - โรงแรม บูเลอวาร์ด กรุงเทพ สุขุมวิท,13.7419593,100.5546212
Maitria Hotel Sukhumvit 18 – A Chatrium Collection,13.732956,100.562614
Centre Point Hotel Silom,13.7200658,100.5150546
Park Plaza Bangkok Soi 18,13.7328306,100.5629105
Buddy Oriental Riverside,13.9283809,100.5022468
21 Saladaeng,13.7269405,100.5369214
Chatrium Residence Sathon Bangkok,13.702489,100.537566
Shama Lakeview Asoke,13.7297877,100.5613044
In Residence Bangkok Sukhumvit,13.744068,100.5576887
Majestic Grande,13.7403361,100.5518022
Somerset Ekamai Bangkok,13.7230721,100.5864818
"Park Plaza Sukhumvit Hotel, Bangkok",13.7349128,100.5604631
The Emerald Hotel,13.7754502,100.5725366
Centre Point Hotel Chidlom,13.73897,100.54335
V Residence Serviced Apartment,13.729208,100.571177
The Celadon Bangkok,13.7299013,100.5998134
Hotel Icon Bangkok,13.739691,100.551914
CNC Residence,13.7343048,100.5685715
Montien Hotel Bangkok,13.730542,100.5310982
Hotel Tranz,13.7569898,100.5344544
Hotel Once Bangkok,13.707218,100.507041
Hope Land Hotel Sukhumvit 8,13.7368522,100.5557746
Jasmine 59 Hotel,13.725222,100.5814785
Somerset Park Suanplu Bangkok,13.7216461,100.537737
Novotel Bangkok Sukhumvit 4,13.7392218,100.553254
Amaranta Hotel,13.7789193,100.5762781
The Best Bangkok House Hotel,13.7553069,100.538283
Grand Inn Hotel,13.7425794,100.5531125
Masters Suites,13.7428037,100.5536821
V Place Silom,13.728424,100.533464
Dang Derm Hotel,13.759443,100.496481
Phaphoom Boutique,13.6675129,100.7196723
The Mini R Ratchada Hotel,13.7731736,100.5730422
Kim​ Korner Hotel,13.753492,100.5383138
The Heritage Baansilom,13.723356,100.52074
Cordia Residence Saladaeng คลอเดีย เรซซิเด้น ศาลาแดง,13.726922,100.537205
House By the Pond,13.7268124,100.5629239
Ten Stars Inn Hotel,13.7535201,100.5383987
ZEN Rooms Silom 12,13.726101,100.526447
Montri Resort Donmuang Bangkok,13.9109864,100.5916223
Boone Place,13.7504659,100.5205826
Resort M - MRT Huai Khwang,13.7816311,100.5757588
Uno Inn,13.7428919,100.5525015
B.U. Place Hotel,13.761423,100.558823
Botanic Serviced Rooms,13.89868,100.552926
Boutique Poo-Yai Ma @BP Place 曼谷马村长精品酒店,13.7962146,100.5539805
Prom Ratchada Residence,13.7701588,100.5706434
Khaosan Park Resort,13.758247,100.49793
Sathorn Terrace Apartment,13.718595,100.516008
Letana Hotel,13.6002336,100.7196986
White Palace Hotel,13.7544113,100.538053
The Shade House,13.670466,100.615031
Ravipha Residences,13.83984,100.553301
Resort V MRT Huai Kwang,13.784702,100.5709612
Sleep Withinn Bangkok,13.7602278,100.4969212
Sabaidee Minitel,13.7575132,100.5160403
"Oberry Resort (company Oberry Property Co., Ltd.).",13.733392,100.58582
Bangkok Loft Inn,13.7219167,100.4918293
Smart Mansion,13.7953025,100.7109388
Golden Jade Suvarnabhumi,13.7227661,100.7368932
The Victory Residences Hotel,13.760135,100.53702
41 Suite Bangkok,13.7294884,100.572419
Lullaby Inn,13.725529,100.5254712
Hostel Jo at Asoke,13.7323949,100.5610927
iCheck Inn Silom,13.724467,100.521229
VILLA23 Residence,13.869635,100.622618
Sourire @ Rattanakosin Island,13.757029,100.503544
Resort Bangphlat,13.7890843,100.5010662
Hyde Park Hotel Bangkok,13.7575825,100.5432409
Casa Residence Hotel,13.8893567,100.576033
Red Planet Bangkok Asoke,13.7354375,100.5601194
China Guest Inn,13.725905,100.52525
Lucky Palace Hotel,13.7427914,100.5533354
Arom d hostel,13.7456756,100.4915229
Sawasdee @Sukhumvit Soi 8,13.736028,100.5558327
La Residence Bangkok Hotel,13.7280717,100.5258592
OYO 117 King One Suvarnabhumi,13.7163697,100.7160045
Bangkok City Inn,13.7487098,100.5416322
Charlie House Pinklao,13.778119,100.480817
Ratchada City Hotel,13.7780715,100.5763171
Grand Lucky Hotel,13.7429194,100.5535255
ZEN Rooms Ekkamai 6,13.7260737,100.585514
PJ Watergate,13.7522159,100.5429157
Aranta Airport Hotel,13.723251,100.732283
Royal Garden Home Hotel,13.7463689,100.5536634
Retro39 - Hotel in Bangkok,13.730765,100.5705
UMA Residence,13.7842747,100.5131807
iCheck inn Residences Sukhumvit 20,13.7291125,100.5630796
Asoke Suites,13.7357429,100.5619702
Vimala Residence,13.7236147,100.5692323
Meet Inn @Silom,13.7264183,100.5373639
Paradiso Boutique Suites,13.738572,100.557507
Interchange Tower,13.757539,100.545812
The Nook,13.7532086,100.5354303
Kriss Residence,13.7226898,100.763806
Galleria Mansion,13.779849,100.572935
Silom Convent Garden,13.7245097,100.53262
The Travellers Hotel,13.7972595,100.5741735
Studio Asoke,13.7396433,100.5619376
W22 by Burasari,13.7416269,100.5130271
Khurana Inn,13.7542462,100.5398154
Pratunam Pavilion Hotel,13.7547434,100.5396418
IYARIN @ Tuk Chang,13.8253521,100.5677258
Baan Dinso,13.755243,100.501114
Siri Suvan at Rambuttri,13.761929,100.4946202
Karnmanee Palace Hotel,13.7913062,100.5420536
Baiyoke Boutique Hotel Bangkok,13.7549564,100.5404248
Red Planet Bangkok Surawong,13.7287721,100.5268999
Siam Piman Hotel,13.7967976,100.714692
Mon Lodge @ Yoga House Don Mueang,13.9169534,100.5840893
Big Tree Residence,13.6263686,100.7011837
Hotel De'Moc,13.761561,100.504463
Mariya Boutique Residence At Suvarnabhumi Airport,13.7219382,100.771579
โรงแรม cozy@9 hotel and kitchen,13.7537896,100.5700972
Bossotel Inn,13.721277,100.5153878
Crystal Suites Suvarnabhumi Airport,13.7214484,100.7307361
The Ecotel Bangkok,13.752537,100.546652
Eleven Avenue Suites,13.740973,100.556397
hotel Talakkia Boutique,13.732625,100.5143268
King Park Avenue Hotel,13.693803,100.6444051
W Home Bangkok,13.7055849,100.5108113
THA City Loft Hotel,13.7261617,100.5854587
Ibis Bangkok Sathorn,13.7217721,100.546654
Woodroof Residence Rangsit,13.972967,100.5864191
KC PLACE HOTEL PRATUNAM,13.7546645,100.5412052
The Rich Sathorn-Taksin,13.7199882,100.493356
Chevasai Bangkok,13.7083326,100.5012329
Korbua House,13.7615906,100.4999754
Royal Ivory Sukhumvit Nana by Compass Hospitality,13.7369255,100.5533646
N-Siri Resort & Hotel,13.9375688,100.6958016
C U INN Bangkok,13.810633,100.559109
Villa Phra Sumen,13.759097,100.5032333
Eight Ville,13.7348782,100.555821
Tara Monte Hotel Pratunam,13.754739,100.540075
Case Study Asoke,13.7465532,100.5620251
First House Hotel Bangkok,13.752557,100.539075
Omni Tower Syncate Suites,13.7375247,100.5532094
MetzPratunam Hotel,13.7536682,100.536897
The Park Hotel Bangkok Sukhumvit 7,13.741891,100.555533
Glitz Hotel,13.729276,100.529703
Baan Rangnam,13.760546,100.53951
SKYDOME RESOTEL,13.838433,100.599831
P2 Boutique,13.7504574,100.5458503
Far East Inn,13.747287,100.543929
THE HAB HOSTEL,13.7092763,100.502186
True Siam Rangnam Hotel,13.7585911,100.5396502
Lasalle Suites and Spa,13.664399,100.618362
Armoni Sukhumvit Soi 11 Hotel,13.7407228,100.5566968
Bavana Hotel Thaniya Soi2,13.7303,100.5328503
Thee Bangkok Hotel,13.7328599,100.5642443
Lee Nova Place,13.6889836,100.6389415
The TEPP Aparthotel,13.6574688,100.6213223
VismaYa Suvarnabhumi Hotel,13.7099882,100.732097
Serene Bangkok Bed & Breakfast,13.83019,100.5629082
Le Méridien Bangkok,13.7300836,100.5302398
Citin Pratunam Hotel Bangkok by Compass Hospitality,13.7545623,100.5393419
Buddy Boutique Inn,13.7593525,100.4954611
Buddy Lodge Hotel,13.758557,100.498536
Siam Golden Place,13.7301221,100.7334543
Asia Resort,13.816047,100.6388838
The Myth-Sud Sathorn,13.7181893,100.5156773
D Varee Xpress Pula Silom,13.7291389,100.5348248
"Hotel de Bangkok, PRATUNAM โรงเเรม เดอ บางกอก",13.757095,100.5428837
New Siam Palace Ville,13.759948,100.493113
Zircon Hotel,13.7596169,100.6389774
B1 Residence,13.7453766,100.5514583
Lilac Relax-Residence,13.7234156,100.7538896
D-Box Hostel Bangkok,13.753349,100.536017
True Siam Phayathai Hotel,13.7592648,100.5365063
Siam Swana Hotel,13.7518494,100.5300734
Khaosan Palace,13.759262,100.497174
ZEN Rooms Yaowarat soi 7,13.7384501,100.5115769
The FAH Silom Hotel,13.7278703,100.5307234
Baby Blue Inn Bangkok,13.723914,100.534665
Legacy Express,13.7428666,100.5510552
Silom City Hotel,13.72575,100.522521
iCheck Inn Nana,13.7414092,100.5557726
128 Thai Massage,13.741771,100.5533464
S33 Compact Sukhumvit Hotel,13.734943,100.567415
ZEN Premium Sukhumvit 33,13.7346283,100.5675098
Silom Avenue Inn Hotel,13.7247401,100.5223064
Miloft Sathorn Hotel,13.7126488,100.5154276
Tara Place Hotel,13.764393,100.499496
"LUXX Hotel Bangkok, Silom Thailand",13.7261051,100.5253673
My View Apartment,13.7341741,100.5543477
NANA Hotel,13.7413032,100.5528724
Nest by Sangob,13.769214,100.581032
ZEN Rooms Ratchaprarop,13.754358,100.53939
Ibis Styles Bangkok Sukhumvit 50,13.7020225,100.5877071
Bangkok City Hotel,13.754121,100.528689
Kokotel Bangkok Surawong,13.727561,100.524491
Sereine Hotel,13.7333999,100.5706055
Siam Paradise Hotel / Siam Paradise entertainment Complex,13.851413,100.554876
Baan Tanwa บ้านธันวา,13.7975808,100.5718513
Grand Business Inn,13.7406157,100.5563479
A-One Inn Guest House,13.747889,100.52988
Rider Resort,13.6978243,100.6527532
CharoenKrung Habitat,13.7221526,100.5165303
Methavalai Residence Bangkok,13.7561396,100.5020255
ออมนิสวีท อพาร์ท โฮเทล,13.746238,100.645076
Grand Lord (Boutique) Hotel,13.7084962,100.6451933
The 93 Hotel,13.7539977,100.5389977
S.D. Avenue Hotel,13.7760942,100.4798983
Pratunam19 hotel,13.7531756,100.5388719
Stable Lodge Hotel,13.7383868,100.5561658
Eazy Motel Bangna,13.6434191,100.6890042
Ebina House,13.8752359,100.5796717
Tarawish Hotel,13.7557752,100.5366368
Royal View Resort Rangnam,13.761113,100.539815
The Ninth Place Serviced Residence,13.688,100.646
good one hostel,13.725493,100.528768
Majestic Suites Hotel Nana Bangkok.,13.741875,100.553194
Baiyoke Suite Hotel,13.753043,100.539507
Bizotel Bangkok,13.7596042,100.5405206
Le Fenix Sukhumvit,13.744959,100.5560594
Maxim's Inn,13.741588,100.555604
August Residence,13.7393395,100.5665094
Jazzotel,13.7680851,100.5974507
Duplex 21 Apartment,13.7615829,100.6027384
Thongtara House Boutique Hotel,13.6422778,100.633392
Ibis Bangkok Impact,13.9161123,100.5516239
Greenpoint Residence,13.8078169,100.6160886
Aspira D' Andora Sukumvit 16,13.7294551,100.5609211
ideal hotel pratunam,13.7518076,100.538359
Citichic Sukhumvit 13 Bangkok by Compass Hospitality,13.7449656,100.5580947
TANGO Vibrant Living Place,13.7538506,100.5426974
Ever Rich Hotel,13.7413145,100.5546827
Borarn House,13.7521512,100.5447088
CITY LODGE BANGKOK - Sukhumvit Soi 9,13.7404447,100.5558848
Patumwan House,13.749084,100.529409
Chiva Bangkok Hotel,13.7509781,100.5834699
Ibis Bangkok Sukhumvit 4,13.737928,100.5533406
13 Coins Resort Yotin Pattana,13.8111242,100.6219177
The Dawin Bangkok Hotel,13.738389,100.553176
Dewan Bangkok,13.760157,100.498302
Siam Champs Elyseesi Unique Hotel,13.755703,100.503179
Hotel Picnic,13.7599383,100.5402609
The Moonite Boutique Hotel,13.74767,100.548452
Vera Nidhra Bed & Breakfast,13.7222179,100.5033258
Baan Pra Nond Bed & Breakfast,13.7172252,100.5197522
The Period Pratunam,13.7532949,100.5373957
ZEN Rooms Sukhumvit Soi 3,13.7474567,100.5540311
Srivaree Pavilion Hotel and Training Center,13.6256869,100.7615724
Grace Hotel,13.744355,100.553604
Tarntawan Hotel Surawong,13.729177,100.5302612
P.T. COURT,13.7610726,100.5378541
Salil Hotel Sukhumvit Soi 8,13.735301,100.555766
ZENNIQ Hotel Bangkok,13.7212562,100.4902526
CityPoint Hotel,13.7355094,100.5606374
PAKDEE BED AND BREAKFAST,13.7516139,100.5369528
Capital Mansion Executive Living Suites,13.7884668,100.5475402
Lemontea Hotel,13.7540045,100.53759
Lily Residence,13.677419,100.606452
Three Sukhumvit Hotel,13.745957,100.55363
Gaam Hotel,13.753507,100.537362
IR-ON Hotel Sukhumvit 36,13.722323,100.5766759
BKK Home 24,13.7300736,100.5694159
Heyha Hotel,13.6892135,100.6088525
13 Coins Tower Hotel Ratchada,13.7853694,100.5762965
Baan Sabai Rama IV,13.719568,100.548598
Anajak Bangkok,13.756057,100.534454
Oriental Heritage Residence (ออเรียนทัล เฮอริเทจ),13.7261452,100.516022
Holiday Inn Express Bangkok Sukhumvit 11,13.7449405,100.5569256
The Raya Surawong Bangkok Hotel,13.7304,100.5327371
Dinso Mon Hotel,13.7559719,100.5015807
NaNa Hiso Hotel,13.7475212,100.55434
KU Home Hotel,13.845122,100.5676568
S.M. Grande Residence,13.7386571,100.553178
"WiNNiNE Cozy Home. The Shoes Craft Unique House, better rest here in Bangkok.",13.6996573,100.6077037
The Key Bangkok,13.738993,100.5597792
Baan Sukhumvit Inn Soi 18,13.7343104,100.5632173
Bangkok Sahara Hotel,13.7428226,100.5539942
ON8 Hotel Sukhumvit Nana by Compass Hospitality,13.740072,100.5558275
White Ivory Bed and Breakfast,13.71813,100.50099
One One Bangkok Hotel,13.733819,100.582438
Syama Suites,13.7336553,100.5635422
Nanda Heritage,13.7604753,100.50609
Ibis Styles Bangkok Sukhumvit Phra Khanong,13.712501,100.594477
Feung Nakorn Balcony,13.74862,100.49824
Tints of Blue Residence,13.7371032,100.5634592
SILOM | ONE,13.7280833,100.533991
Puck Hostel : พัก โฮสเทล,13.7249119,100.5217313
โรงแรม Q Residences,13.7881673,100.4715666
Pratunam Park Hotel,13.7543302,100.5382547
Ibis Bangkok Siam,13.7467268,100.5289924
Poste 43 Residence,13.727926,100.516413
Siam Tharadol,13.6983945,100.6102035
Graceland Bangkok by Grace Hotel,13.7444748,100.5543772
Holiday Inn Express Bangkok Soi Soonvijai,13.7476933,100.584608
Aphrodite Inn Bangkok,13.7481471,100.541473
Onyx Hotel Bangkok,13.745189,100.634549
Nine Design Place,13.74826,100.527223
Taipan Hotel,13.7385631,100.5626719
Ibis Bangkok Riverside,13.717634,100.5093616
Tewa Boutique Hotel,13.8860632,100.5617106
Happy 3,13.7487559,100.5275341
Chaidee Mansion,13.745209,100.5570833
THE STAR OF SATHORN,13.7196812,100.4958325
Lamphu Tree House,13.7603562,100.5025532
Travelodge Sukhumvit 11,13.7449497,100.5573356
Neighbor Phuthon,13.7517135,100.4976377
Focal Local Bed & Breakfast,13.7151295,100.5025715
Noursabah Boutique Bed Bangkok,13.7559346,100.530159
Bangkok Golf Spa Resort,13.9818,100.543
Beverly33,13.7234232,100.5830204
"Baan Wanglang Riverside, Bangkok",13.7547225,100.4865427
Sukhumvit Suites Hotel,13.7361934,100.5619399
Sacha's Hotel Uno Hotel,13.7394949,100.5601784
Ibis Styles Bangkok Khaosan Viengtai,13.7599201,100.4974613
Two Three A Homely Hotel,13.7379936,100.5638436
Baan Chart,13.760377,100.4964693
D Day Suite Ladprao,13.7738323,100.6426553
SureStay Plus by Best Western Sukhumvit 2,13.7391454,100.5519623
Kritthai Residence,13.74682,100.528438
Gulliver,13.742314,100.554346
ZAZZ Urban Bangkok,13.7537418,100.5760469
Baan Noppawong,13.756295,100.500622
Hotel Clover Asoke,13.7344268,100.5610914
Baan K,13.726195,100.542017
Holiday Inn Express Bangkok Sathorn,13.723965,100.5306833
Mde.Alice Hotel,13.7528546,100.5386017
Baan Sathorn Riverfront,13.7189245,100.5092208
LoogChoob the city Homestay,13.758559,100.514949
CHANN | Bangkok-Noi,13.761357,100.487077
Navalai River Resort,13.7632118,100.4943154
Holiday Inn Express Bangkok Siam,13.7470801,100.5277296
The Quarter Bangkok,13.7533838,100.5320876
Vacation Bangkok The Artistic Home,13.72813,100.50713
Volve Hotel Bangkok,13.7268216,100.5780802
Sara's Hotel,13.7446582,100.5533119
Miracle Transit Hotel,13.6940757,100.7474181
Loy La Long Hotel,13.735553,100.510454
BANGKOK TREE HOUSE,13.680363,100.5851615
Bangkok Publishing Residence,13.7565265,100.5072953
Old Capital Bike Inn,13.7569967,100.5046882
Forum Park Hotel,13.7069543,100.5359024
AMDAENG,13.7353788,100.5074562
โยทะกา บูทีค โฮเทล Yotaka Boutique Hotel,13.7690965,100.6220201
De Arni Bangkok,13.729694,100.530448
The Seasons Bangkok Huamark,13.7532822,100.608484
Local Time Bangkok,13.7157913,100.5921968
Khaosan Art Hotel,13.7622037,100.4938294
Oasis Café & Nap Hostel,13.7518249,100.5296519
Forrest Bangkok Hotel,13.7546534,100.5272238
Some Rest Hostel,13.7595518,100.4971435
HOMEY-Donmueang Hostel,13.9240511,100.5982959
Lazy Sunday Hostel,13.7469029,100.5248515
Sawasdee Bangkok Inn,13.7584231,100.4969195
Cubic Bangkok Hostel,13.74438,100.523113
LITA Bangkok,13.7571286,100.564374
Folk Poshtel Asok,13.7426501,100.5622798
Here Hostel Bangkok,13.755627,100.503633
Suneta Hostel Khaosan,13.7606499,100.4990573
PIER 49 Hostel,13.727281,100.575386
Weeping Willow Sukhumvit 26,13.7250318,100.5694367
Arun Old Town Hostel,13.7392481,100.4847308
Nakhon Ramkhamhaeng Hostel,13.762088,100.6371255
ZEN Rooms Aryan Suites,13.785887,100.565957
Noble House Phaya Thai Condominium,13.7586977,100.5352806
The Rooftop Residence,13.7449255,100.5138451
Bearing 26 Hotel,13.6512942,100.6110894
The Richy Place (เดอะ ริชชี่เพลส เกสท์เฮ้าส์),13.752313,100.5392
Violet Tower at Khaosan Palace,13.75932,100.49681
My Home 22,13.7263851,100.5647338
Wallada Place Hotel,13.7660654,100.6189429
Rambuttri House,13.7595205,100.4980552
Tongpoon Hotel,13.746631,100.521099
Pannee Lodge,13.759404,100.495548
24@Home Hotel,13.8968444,100.5158175
อินทาวน์ เรสซิเดนซ์ Intown Residence,13.7297518,100.5156198
Stay-Tiny Home Bangkok,13.7872513,100.546525
The Rajata Hotel,13.7640509,100.5000704
The Grand Palace Hostel,13.7449728,100.498693
Red Pin Inn,13.7501877,100.5456529
Little Vacation House,13.7377899,100.5633994
Errday Guesthouse,13.7247042,100.5632948
The Orientale,13.7390532,100.5132304
The PaTriX,13.9033942,100.5269343
Apartelle Jatujak Hotel,13.8172025,100.5656464
U431 Chaengwattana,13.897676,100.552856
Darul Hijroh Hotel,13.7439407,100.6047499
The Nest Service Apartment,13.752636,100.53884
The Villa71 Resort,13.801475,100.6101654
The Boutique Place,13.752599,100.540984
My Hotel Herrity,13.7319085,100.5683859
Take A Nap Hostel,13.7307748,100.5329412
Asleep Sathorn (room for rent),13.7184981,100.5298607
Baan Glang Soi,13.719171,100.517089
Hostel@Thonglor,13.7250826,100.579727
HAUS SATHORN 21 HOTEL,13.716987,100.5169698
Backpack Planet,13.9247965,100.5996318
4J Lodge@Bangkok,13.7609272,100.5019097
4M Pratunam Hotel,13.7543014,100.5375965
Petals Inn,13.7388017,100.5529282
Sky Inn 1,13.7458035,100.553679
Le Platinum Hotel,13.7225769,100.5192448
Baanpermsook,13.9256841,100.529555
Florida Hotel,13.757393,100.534386
Cloud 9 Lodge,13.7532817,100.5387177
HOUSE OF PAPA BANGKOK SIAM,13.7419375,100.5245891
Sarnn Sukhumvit 28,13.7281252,100.5720641
A7 Hidden Hostel,13.7410823,100.5555942
Lucky House,13.7592352,100.4951851
Sena House Phahonyothin 30,13.8295225,100.5712523
The Royal ThaTien Village,13.744753,100.492287
Goodfellas Cafe and Hostel,13.7242374,100.5788738
Rajah Hotel,13.7400635,100.5524213
El Majestic Bangkok Hotel Sukhumvit 33,13.7326709,100.56687
Zenith Place,13.7124606,100.5954481
Mango Bedroom Inn,13.7504973,100.54562
Samran Place,13.754087,100.528937
khum klao teak hut resort,13.8056378,100.7820798
PP Plus Mansion,13.7208611,100.6007813
salolife hotel,13.7253986,100.5853137
Baan Chatuchak,13.7973478,100.5503733
Silom3 Apartment,13.725531,100.531208
PLOY Hostel,13.7626725,100.5017609
Aspira Skyy Sukhumvit Soi 1,13.7462842,100.5514884
The right place residence,13.6980136,100.5368603
TD Bangkok 禅悦小居,13.8128172,100.5635897
W Station hotel,13.7202729,100.4932972
De Lavender Bangkok Hotel,13.753717,100.5393223
Baan Udom,13.73526,100.51152
Sky Inn,13.74281,100.553199
โรงแรม โอเรียนเต็ล สไมล์ (Oriental Smile Hotel),13.758302,100.539718
Nana City Hotel,13.7396744,100.5531529
BaanSu Hostel,13.7503714,100.5282192
Rambuttri Village Inn & Plaza,13.7615152,100.4962678
De Centro Bangkok,13.7507257,100.5396793
The M Pool Villas Bangkok - BTS Ekkamai,13.723053,100.5885152
Pillow land On nut,13.707152,100.607783
QG Resort,13.7261802,100.7290891
Patra at Sathorn,13.7207571,100.547057
Buritara Resort On Nut Bangkok,13.7212723,100.6661213
At Baan Suan,13.6805562,100.5570962
Int Place,13.705246,100.486018
The Machaly (เดอะ มาชาลี),13.816172,100.576753
AIRPORT HOSTER,13.923037,100.571423
Suvarnabhumi Airport,13.6899991,100.7501124
Triple 8 Inn Silom,13.725883,100.52642
YEEHAA Bang Sue,13.813691,100.5349044
Donmuaeng Airport Residence Hostel,13.937767,100.612162
MANGO Lagoon Place,13.7614392,100.494073
Rooftop Room,13.9031738,100.5293905
Plume Residence Minburi,13.8175648,100.7255329
"Gardenroom Suvarnabhumi Lat Krabang, Bangkok, Thailand.",13.7226202,100.7246405
Varmtel Hotel,13.7222379,100.5101366
Resort M - BTS Chong Nonsi,13.7230457,100.5288652
Twenty Four Inn,13.7301205,100.5698186
SIMPLY SLEEP HOSTEL,13.7290836,100.5238859
Baan Bangkok Broker,13.922287,100.64387
Drop Inn Hotel,13.7339605,100.5634102
Nonsi Residence Apartment,13.7139934,100.5520805
Nara Suite Residence Bangkok,13.699914,100.534128
Yotaka Residence,13.7701376,100.6217449
ZEN Rooms Soi Than Tawan,13.7292759,100.529705
coffee alley @ Samyan Serene Hotel,13.7323102,100.5269643
New York Condo by Renvio,13.8279412,100.6770978
Water Lily Hostel (วอเตอร์ ลิลลี่ โฮสเทล),13.748619,100.51558
NEGO HOME (SOI EKAMAI 28),13.738774,100.590652
Bang Luang House Bangkok,13.7318604,100.4631142
New Siam Riverside,13.7617858,100.4931071
Sukhon Hotel,13.7565496,100.5338245
Atlas Bangkok Hotel,13.7410823,100.5555942
panida suite,13.7834495,100.5004131
The connex asoke,13.7357222,100.5608536
Silom Studios,13.7273738,100.5371184
The Bangkok Venice Suite,13.7488274,100.5444751
1150 Villa Apartment Bangkok,13.6994455,100.5272373
V20 Boutique Hotel,13.8046559,100.5644995
Baan Chantra,13.7645782,100.4998639
Marwin Space Hotel,13.7512735,100.5388052
T Series Place Serviced Aparment,13.7047927,100.5152026
The Quarter Residence,13.7550277,100.5330125
Ibrik Resort By The River,13.753581,100.486305
The Bhuthorn (เดอะ ภูทร),13.751505,100.4975
Baansoparajaprarop,13.7580632,100.5463332
The Overstay,13.7756503,100.4840231
ZLEEP63 Hostal,13.9232285,100.596914
Phiman Riverview Guest House,13.766959,100.497339
New C.H. Guest House,13.7578014,100.499998
Sabuydee Guesthouse,13.789801,100.5494944
Baankhunmae Apartment,13.6819495,100.634028
Kaset Guest House,13.837457,100.573882
Suayai Guesthouse,13.8229953,100.5792275
Q6 at 6 Hostel,13.7644453,100.4998669
Rainbow Hostel,13.759539,100.495382
DMK Don Mueang Airport Hostel,13.9232683,100.5967319
New Central Guest House,13.7587145,100.4995186
Bluefin Guesthouse,13.7859117,100.5134527
Feel Good Bangkok Hostel,13.7697613,100.4840691
Royal Pimand,13.7690597,100.6326779
BC guesthouse Si Phraya,13.7308031,100.514794
At Phranakorn Inn,13.763511,100.499533
Synsiri 5 Nawamin 96 Apartment,13.8337702,100.6631461
Asia Resident 14 (โรงแรมเอเซียเรสซิเด้นท์14),13.775358,100.642501
Asok Montri Hostel,13.7388853,100.5602671
chic color suites,13.710681,100.610031
Amarin Inn,13.7623237,100.4968598
The Nine House,13.9305104,100.6026856
Manii Hostel Asoke,13.7388138,100.5604021
YHA Bangkok Downtown,13.7262464,100.5283089
At Ease Residence Suvarnabhumi,13.5978754,100.7193611
Sena Place,13.788253,100.5438948
The Urban Age,13.727837,100.530459
Na Banglampoo Hotel,13.762513,100.497867
Service Condo Muang Thong Thani,13.9125352,100.5548286
Room Relax@Muang Thong Thani,13.9151617,100.5409976
Indeco Bangkok,13.7247046,100.4958678
MouMou Hostel,13.7144814,100.5939578
Freesia Saladaeng Silom Apartments,13.7271987,100.5381722
hotel paris in bangkok,13.7538267,100.539459
HOFT Hostel Bangkok,13.7275009,100.5242824
Siam Journey Guesthouse,13.7552551,100.5313055
JN PLACE,13.988685,100.6579184
Yellow house,13.7324091,100.5183812
Banthat Thong Hostel,13.738554,100.521471
Yadoya @ Thonglor,13.725581,100.5793754
5 Minute Hostel,13.7553417,100.531004
Thanapa Apartment.,13.800282,100.599566
Must Sea,13.7632183,100.5424561
BADU Sukhumvit,13.727284,100.572948
Golden House Apartment,13.7039869,100.5967114
Baan Bangkok Backpackers Hostel,13.7634254,100.5003027
The Blooms Apartment,13.7180675,100.5522555
Charan 41 Hostel,13.767594,100.4759
REST 3 Hostel,13.6959267,100.5454881
Mr.Sea Hostel Bangkok,13.7338237,100.5677622
Light Jatujak Hostel,13.8123937,100.5611615
Brunch Makers,13.7600907,100.4984285
Ok Home Airport,13.7145096,100.7404314
Tim Mansion Bangkok,13.752443,100.504673
Season Place,13.7284249,100.4776736
Villa Madame Resort - Adults Only,13.662635,100.60835
Bangna 21 Residence,13.671481,100.631752
Grand View Condominia,13.814764,100.566294
Tales Khaosan (Cafe & Hostel),13.760023,100.4963375
S L A bar n'bed,13.7625907,100.503703
ZEN Rooms Vibhavadee-Rangsit,13.8321535,100.5593596
Phet palace,13.7955657,100.5090675
BTS Residence,13.795913,100.558225
Victory Park Hostel,13.76286,100.540823
Bay Hotel Srinakarin,13.6478345,100.6382445
Best Value Inn Nana,13.741152,100.55565
the Onion Hostel,13.7411203,100.4956166
ZEN Rooms Phetchaburi 13,13.75283,100.53132
Asias Boutique Club,13.967137,100.600922
Teja Lakeview Apartments,13.7355092,100.5552853
Baan Sathorn Chaophraya,13.718914,100.509168
